gene_id	family
Sb01g006270	GeBP
Sb01g006380	FAR1-like
Sb01g006410	NAC
Sb01g006800	MYB-related
Sb01g006830	AP2/ERF-ERF
Sb01g006850	bZIP
Sb01g007030	G2-like
Sb01g007110	C2C2-Dof
Sb01g007130	G2-like
Sb01g007160	bHLH
Sb01g007170	C2H2
Sb01g007480	WRKY
Sb01g007570	WRKY
Sb01g007780	MADS
Sb01g007790	MADS
Sb01g007950	MYB-related
Sb01g008380	HSF
Sb01g008550	WRKY
Sb01g008570	bHLH
Sb01g008950	C2C2-GATA
Sb01g009130	Homeobox
Sb01g009330	GRF
Sb01g009380	bHLH
Sb01g009480	Homeobox
Sb01g009590	bHLH
Sb01g009740	GRAS
Sb01g009870	MYB-related
Sb01g010020	Homeobox
Sb01g010420	C2C2-CO-like
Sb01g010570	GeBP
Sb01g010660	GRAS
Sb01g010690	TCP
Sb01g011150	C3H
Sb01g011180	C2H2
Sb01g011220	CCAAT-HAP2
Sb01g011590	C3H
Sb01g011840	C2C2-Dof
Sb01g011960	Homeobox
Sb01g011970	Homeobox
Sb01g012170	GRF
Sb01g012200	Homeobox
Sb01g012250	bHLH
Sb01g012260	bHLH
Sb01g012280	bHLH
Sb01g012490	Trihelix
Sb01g012810	LBD
Sb01g012870	WRKY
Sb01g013430	CCAAT-HAP2
Sb01g013670	MYB
Sb01g013710	bZIP
Sb01g013820	LSD
Sb01g013843	bHLH
Sb01g013900	CPP
Sb01g014180	WRKY
Sb01g014310	NAC
Sb01g014370	ABI3-VP1
Sb01g014410	ABI3-VP1
Sb01g014420	ABI3-VP1
Sb01g014480	ABI3-VP1
Sb01g014500	ABI3-VP1
Sb01g014530	C2C2-Dof
Sb01g014580	bHLH
Sb01g014650	LBD
Sb01g014800	LBD
Sb01g015165	GRAS
Sb01g015170	GRAS
Sb01g015180	GRAS
Sb01g015610	C2C2-Dof
Sb01g015720	MADS
Sb01g015760	GRAS
Sb01g015920	MYB-related
Sb01g034706	MYB
Sb01g035360	TUB
Sb01g036180	WRKY
Sb01g036440	G2-like
Sb01g036560	NAC
Sb01g036590	NAC
Sb01g036670	Homeobox
Sb01g036680	G2-like
Sb01g036740	EIL
Sb01g036810	bZIP
Sb01g036870	WRKY
Sb01g037050	bZIP
Sb01g037110	MYB-related
Sb01g037210	AP2/ERF-ERF
Sb01g037520	bZIP
Sb01g037670	MYB-related
Sb01g037690	MYB-related
Sb01g037830	C3H
Sb01g038330	Trihelix
Sb01g038650	LBD
Sb01g039190	C2H2
Sb01g039550	C2C2-Dof
Sb01g039670	GRAS
Sb01g040170	C2H2
Sb01g040280	AP2/ERF-ERF
Sb01g040450	bHLH
Sb01g040730	FAR1-like
Sb01g040760	FAR1-like
Sb01g041130	LBD
Sb01g041425	MYB-related
Sb01g041480	bZIP
Sb01g041960	bHLH
Sb01g042030	Homeobox
Sb01g042070	bHLH
Sb01g042090	AP2/ERF-ERF
Sb01g042370	HSF
Sb01g042400	ARR-B
Sb01g042840	MADS
Sb01g042850	C2C2-YABBY
Sb01g043110	ABI3-VP1
Sb01g043570	bHLH
Sb01g043910	Homeobox
Sb01g043950	OVATE
Sb01g043960	C2H2
Sb01g044280	GRAS
Sb01g044410	AP2/ERF-ERF
Sb01g044480	CAMTA
Sb01g044620	Homeobox
Sb01g044640	bHLH
Sb01g044810	MADS
Sb01g044910	ABI3-VP1
Sb01g045050	AP2/ERF-ERF
Sb01g045060	AP2/ERF-AP2
Sb01g045140	C2C2-GATA
Sb01g045180	ZIM
Sb01g045190	ZIM
Sb01g045420	AP2/ERF-ERF
Sb01g045500	CCAAT-HAP2
Sb01g045690	bHLH
Sb01g045710	bHLH
Sb01g045740	Homeobox
Sb01g045840	C2C2-Dof
Sb01g046170	Homeobox
Sb01g046350	HSF
Sb01g046500	OVATE
Sb01g046810	E2F-DP
Sb01g046870	C2H2
Sb01g046920	AP2/ERF-ERF
Sb01g046990	LBD
Sb01g047000	LBD
Sb01g047010	C2H2
Sb01g047450	MYB-related
Sb01g047720	BZR
Sb01g047840	MYB
Sb01g047940	bHLH
Sb01g048130	NAC
Sb01g048290	NLP
Sb01g048400	bHLH
Sb01g048420	G2-like
Sb01g048710	bZIP
Sb01g048730	NAC
Sb01g048770	OVATE
Sb01g049080	bHLH
Sb01g049150	ABI3-VP1
Sb01g049240	NAC
Sb01g049400	AP2/ERF-ERF
Sb01g049740	Trihelix
Sb01g050000	bZIP
Sb01g050010	MYB-related
Sb01g050320	MYB-related
Sb02g000330	C2H2
Sb02g000960	WRKY
Sb02g001090	MADS
Sb02g001600	G2-like
Sb02g001970	bZIP
Sb02g002080	AP2/ERF-AP2
Sb02g002200	Homeobox
Sb02g002410	MADS
Sb02g002620	NAC
Sb02g002703	FAR1-like
Sb02g002760	bHLH
Sb02g003070	TCP
Sb02g003130	ZIM
Sb02g003320	CCAAT-HAP2
Sb02g003390	C2C2-YABBY
Sb02g004370	HSF
Sb02g004433	FAR1-like
Sb02g004590	bZIP
Sb02g004610	bZIP
Sb02g005710	DDT
Sb02g005810	AP2/ERF-ERF
Sb02g005840	AP2/ERF-ERF
Sb02g006023	AP2/ERF-ERF
Sb02g006350	bZIP
Sb02g006680	NAC
Sb02g006700	MADS
Sb02g006710	MADS
Sb02g006730	MADS
Sb02g006780	AP2/ERF-ERF
Sb02g006980	Alfin-like
Sb02g007000	AP2/ERF-ERF
Sb02g007960	NAC
Sb02g009750	BBR/BPC
Sb02g009770	BBR/BPC
Sb02g009782	BBR/BPC
Sb02g009860	Homeobox
Sb02g009930	C2H2
Sb02g010520	G2-like
Sb02g011050	WRKY
Sb02g012410	C2H2
Sb02g012630	AP2/ERF-ERF
Sb02g012860	MYB-related
Sb02g013010	MYB-related
Sb02g013060	ABI3-VP1
Sb02g014470	C2H2
Sb02g018870	bZIP
Sb02g019110	C2H2
Sb02g020700	G2-like
Sb02g020760	bZIP
Sb02g020840	C2H2
Sb02g020870	MYB-related
Sb02g020910	AP2/ERF-ERF
Sb02g020940	Homeobox
Sb02g021226	NAC
Sb02g022280	WRKY
Sb02g022290	WRKY
Sb02g022790	OVATE
Sb02g023040	C3H
Sb02g023230	AP2/ERF-ERF
Sb02g023650	Homeobox
Sb02g023960	NAC
Sb02g024250	MYB-related
Sb02g024260	MYB-related
Sb02g024270	ZIM
Sb02g024400	C2H2
Sb02g024410	C2H2
Sb02g024450	TCP
Sb02g024460	bHLH
Sb02g024530	NAC
Sb02g024593	NAC
Sb02g024640	MYB-related
Sb02g024650	ZF-HD
Sb02g024750	bHLH
Sb02g024760	WRKY
Sb02g024765	WRKY
Sb02g025080	AP2/ERF-ERF
Sb02g025350	MYB-related
Sb02g025380	C2H2
Sb02g025390	C2H2
Sb02g025530	AP2/ERF-AP2
Sb02g025720	ZIM
Sb02g026150	Homeobox
Sb02g026230	C2H2
Sb02g026310	GeBP
Sb02g026500	HSF
Sb02g026510	NAC
Sb02g026530	bHLH
Sb02g026570	bZIP
Sb02g026590	bZIP
Sb02g026630	AP2/ERF-ERF
Sb02g026920	bHLH
Sb02g027040	ZF-HD
Sb02g027210	bHLH
Sb02g027300	Homeobox
Sb02g027410	bZIP
Sb02g027430	bHLH
Sb02g027460	bHLH
Sb02g027950	WRKY
Sb02g028220	C2H2
Sb02g028300	bHLH
Sb02g028380	bZIP
Sb02g028390	EIL
Sb02g028420	SBP
Sb02g028460	MYB-related
Sb02g028750	NAC
Sb02g028870	NAC
Sb02g029300	SBP
Sb02g029310	MADS
Sb02g029460	NAC
Sb02g029530	bHLH
Sb02g029550	AP2/ERF-ERF
Sb02g029870	bZIP
Sb02g030110	bHLH
Sb02g030120	bHLH
Sb02g030170	bZIP
Sb02g030260	TCP
Sb02g030310	AP2/ERF-ERF
Sb02g030320	AP2/ERF-ERF
Sb02g030330	AP2/ERF-ERF
Sb02g030340	AP2/ERF-ERF
Sb02g030350	AP2/ERF-ERF
Sb02g030470	Homeobox
Sb02g030490	HSF
Sb02g030660	Homeobox
Sb02g030850	SHI/STY (SRS)
Sb02g030900	MYB
Sb02g031190	MYB-related
Sb02g031340	bZIP
Sb02g031970	NLP
Sb02g032210	ARF
Sb02g032220	NAC
Sb02g032230	NAC
Sb02g032400	C2H2
Sb02g032410	C2H2
Sb02g032600	Trihelix
Sb02g032670	NAC
Sb02g032810	C2H2
Sb02g032860	GRF
Sb02g033620	CAMTA
Sb02g033830	MYB-related
Sb02g033910	FAR1-like
Sb02g034320	C2C2-Dof
Sb02g034550	GRAS
Sb02g034560	FAR1-like
Sb02g034873	MYB-related
Sb02g034880	MYB-related
Sb02g035580	bHLH
Sb02g035680	GRAS
Sb02g036250	MYB-related
Sb02g036430	ABI3-VP1
Sb02g036620	NAC
Sb02g036710	C3H
Sb02g036940	C2C2-YABBY
Sb02g037500	BZR
Sb02g037550	C2H2
Sb02g037560	Homeobox
Sb02g037650	GRAS
Sb02g037660	FAR1-like
Sb02g037860	HRT
Sb02g037890	GRAS
Sb02g037990	bHLH
Sb02g038030	LBD
Sb02g038040	GRAS
Sb02g038070	C2H2
Sb02g038390	C2H2
Sb02g038780	MADS
Sb02g038960	CCAAT-HAP2
Sb02g038980	Alfin-like
Sb02g039060	GRAS
Sb02g039190	ZIM
Sb02g039300	AP2/ERF-AP2
Sb02g039710	CAMTA
Sb02g040050	MYB-related
Sb02g040140	bHLH
Sb02g040480	MYB-related
Sb02g040550	GeBP
Sb02g040790	HSF
Sb02g041070	bZIP
Sb02g042000	DDT
Sb02g042210	TUB
Sb02g042760	AP2/ERF-ERF
Sb02g042950	OVATE
Sb02g042990	bZIP
Sb02g043000	ABI3-VP1
Sb02g043030	WRKY
Sb02g043210	NAC
Sb02g043270	NAC
Sb02g043300	Homeobox
Sb02g043310	C2C2-Dof
Sb02g043320	G2-like
Sb02g043350	EIL
Sb02g043420	MYB-related
Sb02g043480	bZIP
Sb02g043620	bZIP
Sb03g000240	WRKY
Sb03g000260	NLP
Sb03g000300	C2H2
Sb03g000400	G2-like
Sb03g000490	NLP
Sb03g000530	ARF
Sb03g000570	bHLH
Sb03g000930	Trihelix
Sb03g001110	OVATE
Sb03g001296	AP2/ERF-ERF
Sb03g001940	TCP
Sb03g002440	C2H2
Sb03g002480	BZR
Sb03g002525	MADS
Sb03g002630	AP2/ERF-ERF
Sb03g002660	bZIP
Sb03g002910	bHLH
Sb03g002960	C2H2
Sb03g003005	MYB
Sb03g003050	C2C2-Dof
Sb03g003100	G2-like
Sb03g003110	C3H
Sb03g003120	MYB-related
Sb03g003170	NAC
Sb03g003270	G2-like
Sb03g003360	WRKY
Sb03g003370	WRKY
Sb03g003640	WRKY
Sb03g003695	OVATE
Sb03g004090	G2-like
Sb03g004260	C3H
Sb03g004290	bZIP
Sb03g004400	bZIP
Sb03g004590	LBD
Sb03g004600	MYB-related
Sb03g004980	AP2/ERF-ERF
Sb03g005080	MYB-related
Sb03g005180	GeBP
Sb03g005250	bHLH
Sb03g005320	Alfin-like
Sb03g006430	C2H2
Sb03g006450	MYB-related
Sb03g006500	bHLH
Sb03g006590	RAV
Sb03g006790	bZIP
Sb03g007200	AP2/ERF-ERF
Sb03g007270	LBD
Sb03g007360	MYB-related
Sb03g007410	MYB
Sb03g008090	Homeobox
Sb03g008290	bHLH
Sb03g008470	NAC
Sb03g008560	bHLH
Sb03g008570	bHLH
Sb03g008860	NAC
Sb03g009480	GeBP
Sb03g009590	C3H
Sb03g009920	C3H
Sb03g009930	C3H
Sb03g010130	NAC
Sb03g010280	C2C2-Dof
Sb03g010960	MYB-related
Sb03g010970	MYB-related
Sb03g010980	MYB-related
Sb03g011160	C2C2-Dof
Sb03g011280	MYB-related
Sb03g011640	MYB-related
Sb03g011705	MADS
Sb03g011800	WRKY
Sb03g011920	SBP
Sb03g011940	bHLH
Sb03g012310	MYB-related
Sb03g012480	Homeobox
Sb03g012890	AP2/ERF-ERF
Sb03g013050	Trihelix
Sb03g013650	MADS
Sb03g013700	C2C2-GATA
Sb03g015050	MYB-related
Sb03g024260	bZIP
Sb03g024500	MYB-related
Sb03g025130	NLP
Sb03g025570	bHLH
Sb03g025770	HSF
Sb03g025780	C3H
Sb03g025790	C2H2
Sb03g025860	bHLH
Sb03g026170	WRKY
Sb03g026280	WRKY
Sb03g026470	MYB-related
Sb03g026600	ABI3-VP1
Sb03g026620	ABI3-VP1
Sb03g026650	OVATE
Sb03g027120	G2-like
Sb03g027570	MADS
Sb03g027740	LSD
Sb03g027910	C3H
Sb03g028030	bHLH
Sb03g028170	MYB-related
Sb03g028440	WRKY
Sb03g028470	HSF
Sb03g028490	OVATE
Sb03g028530	WRKY
Sb03g028950	MYB-related
Sb03g028960	MYB-related
Sb03g029050	MYB-related
Sb03g029330	Homeobox
Sb03g029920	WRKY
Sb03g029990	AP2/ERF-ERF
Sb03g030050	bZIP
Sb03g030310	C2C2-GATA
Sb03g030330	MYB-related
Sb03g030480	WRKY
Sb03g030740	ARF
Sb03g030750	NAC
Sb03g030770	Homeobox
Sb03g030850	C2C2-Dof
Sb03g030880	Trihelix
Sb03g030910	TUB
Sb03g031000	NAC
Sb03g031200	GeBP
Sb03g031860	RAV
Sb03g032260	MYB-related
Sb03g032420	bHLH
Sb03g032530	MYB-related
Sb03g032600	MYB
Sb03g032730	ABI3-VP1
Sb03g032800	FAR1-like
Sb03g033160	MYB-related
Sb03g033260	ABI3-VP1
Sb03g033280	ABI3-VP1
Sb03g033380	MADS
Sb03g033640	WRKY
Sb03g033720	OVATE
Sb03g033750	HSF
Sb03g033780	WRKY
Sb03g034360	C2C2-GATA
Sb03g034510	Homeobox
Sb03g034630	bZIP
Sb03g034650	OVATE
Sb03g034670	WRKY
Sb03g034780	AP2/ERF-ERF
Sb03g034810	NAC
Sb03g034850	ARF
Sb03g034918	TCP
Sb03g034950	bZIP
Sb03g035080	C2C2-Dof
Sb03g035240	CPP
Sb03g035350	TCP
Sb03g035820	NAC
Sb03g035920	LBD
Sb03g036100	bHLH
Sb03g036430	Ultrapetala
Sb03g036720	C2H2
Sb03g036820	bZIP
Sb03g037300	bZIP
Sb03g037560	bZIP
Sb03g037680	MYB-related
Sb03g037740	bZIP
Sb03g037750	AP2/ERF-ERF
Sb03g037830	NAC
Sb03g037940	NAC
Sb03g038080	Homeobox
Sb03g038170	WRKY
Sb03g038180	WRKY
Sb03g038190	WRKY
Sb03g038200	WRKY
Sb03g038210	WRKY
Sb03g038410	LBD
Sb03g038510	WRKY
Sb03g039020	C3H
Sb03g039250	C2H2
Sb03g039270	C2H2
Sb03g039380	Homeobox
Sb03g039470	Trihelix
Sb03g039510	GRAS
Sb03g039550	WRKY
Sb03g039610	G2-like
Sb03g039840	Homeobox
Sb03g039950	MYB-related
Sb03g040160	MYB-related
Sb03g040210	Homeobox
Sb03g040490	C2H2
Sb03g040510	bZIP
Sb03g040530	bZIP
Sb03g040720	NAC
Sb03g040730	G2-like
Sb03g040760	OVATE
Sb03g040770	OVATE
Sb03g040860	C2C2-Dof
Sb03g040940	TUB
Sb03g040970	bZIP
Sb03g041170	C2H2
Sb03g041360	MYB-related
Sb03g041760	GRAS
Sb03g041860	MADS
Sb03g041920	NAC
Sb03g042060	AP2/ERF-ERF
Sb03g042080	bZIP
Sb03g042110	AP2/ERF-ERF
Sb03g042180	Alfin-like
Sb03g042210	NAC
Sb03g042290	C2H2
Sb03g042310	LBD
Sb03g042530	GRAS
Sb03g042810	AP2/ERF-ERF
Sb03g042860	bHLH
Sb03g043030	GRAS
Sb03g043080	ARR-B
Sb03g043110	ABI3-VP1
Sb03g043210	C2H2
Sb03g043350	C2H2
Sb03g043480	ABI3-VP1
Sb03g043520	MADS
Sb03g043690	bHLH
Sb03g043810	C3H
Sb03g044160	SBP
Sb03g044170	MADS
Sb03g044220	CAMTA
Sb03g044320	TCP
Sb03g044440	NAC
Sb03g044450	MYB-related
Sb03g044485	ZIM
Sb03g044630	ARF
Sb03g044660	bHLH
Sb03g045120	C2H2
Sb03g045660	GRAS
Sb03g046090	bHLH
Sb03g046170	SHI/STY (SRS)
Sb03g047170	AP2/ERF-ERF
Sb03g047350	WRKY
Sb03g047520	C2C2-GATA
Sb04g000270	C2H2
Sb04g000300	bZIP
Sb04g000520	Trihelix
Sb04g001110	MYB-related
Sb04g001200	bHLH
Sb04g001650	bHLH
Sb04g002090	C2C2-GATA
Sb04g002360	bZIP
Sb04g002450	BZR
Sb04g002700	bZIP
Sb04g002940	NLP
Sb04g003140	G2-like
Sb04g003175	SBP
Sb04g003240	ARF
Sb04g003450	Homeobox
Sb04g003530	C2H2
Sb04g003610	Homeobox
Sb04g004060	WHIRLY
Sb04g004410	MADS
Sb04g004430	ARF
Sb04g004736	MADS
Sb04g004830	PLATZ
Sb04g004930	G2-like
Sb04g004940	SBP
Sb04g005020	bZIP
Sb04g005180	SBP
Sb04g005250	C2C2-CO-like
Sb04g005380	TUB
Sb04g005520	bZIP
Sb04g005580	ARR-B
Sb04g005680	PLATZ
Sb04g005900	MYB
Sb04g005902	Trihelix
Sb04g005940	MYB-related
Sb04g006080	AP2/ERF-AP2
Sb04g006180	bZIP
Sb04g006320	PLATZ
Sb04g006330	PLATZ
Sb04g006400	bZIP
Sb04g006450	C3H
Sb04g006500	bZIP
Sb04g006970	AP2/ERF-ERF
Sb04g007060	bZIP
Sb04g007750	C2C2-GATA
Sb04g007795	bHLH
Sb04g008030	Homeobox
Sb04g008260	bHLH
Sb04g008300	HSF
Sb04g008380	BZR
Sb04g008400	BZR
Sb04g008670	G2-like
Sb04g008840	bZIP
Sb04g009180	NAC
Sb04g009270	C3H
Sb04g009390	bHLH
Sb04g009800	WRKY
Sb04g010280	MYB-related
Sb04g010380	CPP
Sb04g011230	GeBP
Sb04g017390	bHLH
Sb04g020050	HSF
Sb04g020150	AP2/ERF-AP2
Sb04g020490	C2H2
Sb04g021220	C2H2
Sb04g021440	C2H2
Sb04g021490	HSF
Sb04g021970	E2F-DP
Sb04g022190	Trihelix
Sb04g022245	AP2/ERF-ERF
Sb04g022260	bHLH
Sb04g022270	bHLH
Sb04g022400	FAR1-like
Sb04g022470	C2H2
Sb04g022672	NAC
Sb04g022750	DDT
Sb04g022830	ARF
Sb04g022943	AP2/ERF-ERF
Sb04g023220	Alfin-like
Sb04g023320	bHLH
Sb04g023340	Trihelix
Sb04g023410	Homeobox
Sb04g023500	C2H2
Sb04g023670	C2H2
Sb04g023730	EIL
Sb04g023990	NAC
Sb04g024000	MYB-related
Sb04g024690	AP2/ERF-ERF
Sb04g024780	NAC
Sb04g025260	bHLH
Sb04g025520	FAR1-like
Sb04g025530	FAR1-like
Sb04g025660	C2C2-CO-like
Sb04g025960	AP2/ERF-ERF
Sb04g026210	MYB-related
Sb04g026440	NAC
Sb04g026480	MYB-related
Sb04g026610	ARF
Sb04g026970	TCP
Sb04g027280	bHLH
Sb04g027540	MYB-related
Sb04g027660	AP2/ERF-ERF
Sb04g027930	bHLH
Sb04g027940	AP2/ERF-ERF
Sb04g027960	TCP
Sb04g028015	NAC
Sb04g028040	NLP
Sb04g028440	E2F-DP
Sb04g028920	C2C2-CO-like
Sb04g029080	Homeobox
Sb04g029210	bZIP
Sb04g029300	C2C2-Dof
Sb04g029340	CCAAT-HAP3
Sb04g029480	C2C2-CO-like
Sb04g029760	C3H
Sb04g030230	bHLH
Sb04g030420	C2C2-Dof
Sb04g030480	Homeobox
Sb04g030510	MYB-related
Sb04g030530	bHLH
Sb04g030550	TUB
Sb04g030770	GRF
Sb04g030830	G2-like
Sb04g030850	bHLH
Sb04g030930	WRKY
Sb04g031030	G2-like
Sb04g031110	MYB-related
Sb04g031230	PLATZ
Sb04g031250	bHLH
Sb04g031590	MYB-related
Sb04g031710	ABI3-VP1
Sb04g031750	MADS
Sb04g031770	GRAS
Sb04g031820	MYB-related
Sb04g031930	C3H
Sb04g032040	C2C2-Dof
Sb04g032130	G2-like
Sb04g032140	C2H2
Sb04g032570	GRAS
Sb04g032720	PLATZ
Sb04g032800	C2H2
Sb04g032940	AP2/ERF-ERF
Sb04g032960	AP2/ERF-ERF
Sb04g033105	AP2/ERF-ERF
Sb04g033240	WRKY
Sb04g033380	Homeobox
Sb04g033390	Trihelix
Sb04g033440	PHD
Sb04g033450	C2C2-GATA
Sb04g033570	NAC
Sb04g033590	C2C2-YABBY
Sb04g033670	MYB-related
Sb04g033680	MYB-related
Sb04g033930	bZIP
Sb04g034190	bZIP
Sb04g034290	AP2/ERF-ERF
Sb04g034440	WRKY
Sb04g034490	GeBP
Sb04g034580	Homeobox
Sb04g034800	GRF
Sb04g035160	AP2/ERF-ERF
Sb04g035680	C3H
Sb04g035890	bHLH
Sb04g035980	ARR-B
Sb04g036020	AP2/ERF-ERF
Sb04g036450	bHLH
Sb04g036520	C2C2-GATA
Sb04g036640	NAC
Sb04g036955	G2-like
Sb04g037550	LBD
Sb04g037720	NAC
Sb04g037850	C2H2
Sb04g038140	TCP
Sb04g038370	C3H
Sb04g038600	bZIP
Sb05g000310	C2C2-Dof
Sb05g000480	G2-like
Sb05g000550	LBD
Sb05g001170	WRKY
Sb05g001180	WRKY
Sb05g001200	WRKY
Sb05g001215	MYB-related
Sb05g001220	WRKY
Sb05g001280	AP2/ERF-ERF
Sb05g001580	NAC
Sb05g001590	NAC
Sb05g001690	ZF-HD
Sb05g001790	AP2/ERF-ERF
Sb05g002080	C2H2
Sb05g002390	NAC
Sb05g002490	GRAS
Sb05g002930	DDT
Sb05g003240	bZIP
Sb05g003400	NAC
Sb05g003420	bZIP
Sb05g003450	ABI3-VP1
Sb05g003490	Homeobox
Sb05g003530	OVATE
Sb05g003540	OVATE
Sb05g003750	Homeobox
Sb05g003810	bZIP
Sb05g003890	Trihelix
Sb05g003900	TUB
Sb05g004260	C2H2
Sb05g004580	NAC
Sb05g004870	NAC
Sb05g004880	NAC
Sb05g006090	ABI3-VP1
Sb05g007010	Alfin-like
Sb05g007050	Homeobox
Sb05g008290	NAC
Sb05g009460	MYB-related
Sb05g013190	C3H
Sb05g017130	WRKY
Sb05g017510	SBP
Sb05g017930	C2H2
Sb05g019530	bHLH
Sb05g019540	ARF
Sb05g020860	CCAAT-HAP5
Sb05g021480	GRF
Sb05g021820	MYB-related
Sb05g022110	AP2/ERF-ERF
Sb05g023246	C2H2
Sb05g023886	MADS
Sb05g023890	MADS
Sb05g023895	MADS
Sb05g023910	MADS
Sb05g023915	MADS
Sb05g024550	NAC
Sb05g024630	E2F-DP
Sb05g025230	bHLH
Sb05g025970	MADS
Sb05g026250	GRAS
Sb05g026260	GRAS
Sb05g026270	GRAS
Sb05g026820	MYB-related
Sb05g026843	AP2/ERF-ERF
Sb05g027360	MYB
Sb05g027370	MYB
Sb05g027450	C2H2
Sb05g027740	GRAS
Sb05g027750	GRAS
Sb05g027760	GRAS
Sb05g027770	GRAS
Sb05g027780	GRAS
Sb05g027783	GRAS
Sb05g027795	GRAS
Sb05g027810	GRAS
Sb05g027820	GRAS
Sb05g027830	GRAS
Sb05g027890	C2H2
Sb06g000610	GeBP
Sb06g000890	E2F-DP
Sb06g000970	C2H2
Sb06g001050	C3H
Sb06g001510	C2H2
Sb06g001730	C2H2
Sb06g001940	Homeobox
Sb06g003100	MYB-related
Sb06g004510	Homeobox
Sb06g012030	bHLH
Sb06g013250	MYB
Sb06g013840	WRKY
Sb06g014460	ZIM
Sb06g014640	MYB
Sb06g014800	AP2/ERF-ERF
Sb06g015280	GeBP
Sb06g015340	S1Fa-like
Sb06g016120	OVATE
Sb06g016190	E2F-DP
Sb06g016380	bHLH
Sb06g016710	AP2/ERF-ERF
Sb06g016740	bHLH
Sb06g017190	NAC
Sb06g017290	C3H
Sb06g017345	DDT
Sb06g017460	bHLH
Sb06g017490	ARF
Sb06g017580	FAR1-like
Sb06g017660	MADS
Sb06g017720	NAC
Sb06g017810	Alfin-like
Sb06g017860	GRAS
Sb06g017920	Trihelix
Sb06g018140	OVATE
Sb06g018710	EIL
Sb06g019010	NAC
Sb06g019020	MYB-related
Sb06g019650	MYB-related
Sb06g019710	FAR1-like
Sb06g019920	C2H2
Sb06g019930	NAC
Sb06g020040	FAR1-like
Sb06g020103	NAC
Sb06g020670	Trihelix
Sb06g020810	bHLH
Sb06g021350	bZIP
Sb06g021370	NLP
Sb06g021480	C2C2-CO-like
Sb06g022080	NAC
Sb04g036340	NAC
Sb06g022660	MYB-related
Sb06g022810	ARF
Sb06g023130	TCP
Sb06g023313	AP2/ERF-ERF
Sb06g023610	MYB-related
Sb06g023620	MYB-related
Sb06g023770	C2C2-YABBY
Sb06g023780	NAC
Sb06g023940	C2C2-GATA
Sb06g023960	PHD
Sb06g023980	MYB
Sb06g024000	Homeobox
Sb06g024200	C2C2-GATA
Sb06g024220	WRKY
Sb06g024355	AP2/ERF-AP2
Sb06g024360	AP2/ERF-ERF
Sb06g024380	AP2/ERF-ERF
Sb06g024390	AP2/ERF-ERF
Sb06g024480	bZIP
Sb06g024510	MYB-related
Sb06g024530	AP2/ERF-ERF
Sb06g024540	AP2/ERF-ERF
Sb06g024630	SBP
Sb06g024680	C2H2
Sb06g024690	C2H2
Sb06g024820	GRAS
Sb06g025020	bHLH
Sb06g025060	bHLH
Sb06g025420	NLP
Sb06g025550	C2H2
Sb06g025600	G2-like
Sb06g025680	C2C2-Dof
Sb06g025710	HSF
Sb06g025750	Homeobox
Sb06g025890	AP2/ERF-ERF
Sb06g025900	AP2/ERF-ERF
Sb06g026140	OVATE
Sb06g026240	GRAS
Sb06g026300	MADS
Sb06g026370	ABI3-VP1
Sb06g026500	MYB-related
Sb06g026950	C2H2
Sb06g027000	PLATZ
Sb06g027180	MYB-related
Sb06g027290	WRKY
Sb06g027340	FLO/LFY
Sb06g027405	G2-like
Sb06g027465	GRF
Sb06g027540	Trihelix
Sb06g027710	WRKY
Sb06g028090	AP2/ERF-ERF
Sb06g028420	MADS
Sb06g028730	ABI3-VP1
Sb06g028750	bHLH
Sb06g029270	Homeobox
Sb06g029650	CSD
Sb06g030100	bZIP
Sb06g030340	bHLH
Sb06g030660	AP2/ERF-ERF
Sb06g030700	Homeobox
Sb06g031120	AP2/ERF-ERF
Sb06g031160	FAR1-like
Sb06g031230	AP2/ERF-ERF
Sb06g031290	SBP
Sb06g031850	C3H
Sb06g031880	Homeobox
Sb06g031900	ARF
Sb06g031970	G2-like
Sb06g032000	C3H
Sb06g032480	C3H
Sb06g032500	ARF
Sb06g032870	ABI3-VP1
Sb06g032880	MYB-related
Sb06g033010	C2C2-Dof
Sb06g033540	OVATE
Sb06g033820	TUB
Sb06g033920	C2H2
Sb06g033970	ARF
Sb06g034010	NAC
Sb06g034210	NAC
Sb07g000220	ABI3-VP1
Sb07g000350	OVATE
Sb07g000420	TUB
Sb07g000470	NAC
Sb07g001250	MADS
Sb07g001400	NAC
Sb07g001550	NAC
Sb07g002200	bHLH
Sb07g002210	bHLH
Sb07g002500	LSD
Sb07g002780	bZIP
Sb07g002900	bHLH
Sb07g003170	G2-like
Sb07g003320	MYB-related
Sb07g003330	G2-like
Sb07g003540	BSD
Sb07g003870	MYB-related
Sb07g003880	ABI3-VP1
Sb07g003900	NAC
Sb07g004030	MYB
Sb07g004050	C2C2-YABBY
Sb07g004100	G2-like
Sb07g004190	bHLH
Sb07g004450	MYB-related
Sb07g004460	MYB
Sb07g004580	AP2/ERF-AP2
Sb07g004655	AP2/ERF-ERF
Sb07g005180	Homeobox
Sb07g005610	NAC
Sb07g006195	AP2/ERF-ERF
Sb07g006200	AP2/ERF-ERF
Sb07g006210	AP2/ERF-ERF
Sb07g006880	ABI3-VP1
Sb07g006980	WRKY
Sb07g007306	MADS
Sb07g007373	MADS
Sb07g007600	Homeobox
Sb07g007820	ABI3-VP1
Sb07g008580	MYB-related
Sb07g015450	bZIP
Sb07g016330	WRKY
Sb07g019330	CCAAT-HAP3
Sb07g019940	LBD
Sb07g020090	AP2/ERF-ERF
Sb07g020300	Homeobox
Sb07g020410	NLP
Sb07g020820	G2-like
Sb07g020880	MYB-related
Sb07g020910	ZIM
Sb07g021140	TCP
Sb07g021170	bHLH
Sb07g021200	NAC
Sb07g021290	G2-like
Sb07g021400	NAC
Sb07g021420	MYB-related
Sb07g021430	MYB-related
Sb07g021470	ZF-HD
Sb07g021710	PHD
Sb07g021800	AP2/ERF-ERF
Sb07g022120	MYB-related
Sb07g022180	AP2/ERF-ERF
Sb07g022265	AP2/ERF-ERF
Sb07g022620	Homeobox
Sb07g022700	C2H2
Sb07g022740	GeBP
Sb07g022920	bHLH
Sb07g023030	AP2/ERF-ERF
Sb07g023280	bHLH
Sb07g023360	ZF-HD
Sb07g023575	AP2/ERF-ERF
Sb07g023803	AP2/ERF-ERF
Sb07g023810	LBD
Sb07g023890	C2H2
Sb07g023900	NAC
Sb07g024020	PLATZ
Sb07g024550	C2H2
Sb07g024890	MYB-related
Sb07g024970	MYB-related
Sb07g025020	SHI/STY (SRS)
Sb07g025120	HSF
Sb07g025210	AP2/ERF-ERF
Sb07g025270	bZIP
Sb07g025310	bHLH
Sb07g025320	bHLH
Sb07g025330	bHLH
Sb07g025340	bHLH
Sb07g025490	bZIP
Sb07g025920	bHLH
Sb07g026180	MADS
Sb07g026200	MADS
Sb07g026220	SBP
Sb07g026610	bHLH
Sb07g026800	LBD
Sb07g027020	C2H2
Sb07g027080	ARF
Sb07g027160	MYB-related
Sb07g027250	AP2/ERF-ERF
Sb07g027260	AP2/ERF-ERF
Sb07g027270	AP2/ERF-ERF
Sb07g027280	AP2/ERF-ERF
Sb07g027420	SBP
Sb07g027650	NAC
Sb07g027680	MYB-related
Sb07g027740	SBP
Sb07g027790	EIL
Sb07g027810	bHLH
Sb07g028010	C2H2
Sb07g028430	WRKY
Sb07g028860	bHLH
Sb07g028870	C2H2
Sb07g028945	bHLH
Sb07g028990	MYB-related
Sb07g029020	C2H2
Sb07g029070	Trihelix
Sb08g000330	C2C2-Dof
Sb08g000510	G2-like
Sb08g000575	LBD
Sb08g001435	FAR1-like
Sb08g001800	MYB-related
Sb08g001820	MYB-related
Sb08g001830	ZF-HD
Sb08g001940	NAC
Sb08g002520	WRKY
Sb08g002540	WRKY
Sb08g002570	WRKY
Sb08g002590	WRKY
Sb08g002920	DDT
Sb08g003180	G2-like
Sb08g003260	bZIP
Sb08g003500	bZIP
Sb08g003550	ABI3-VP1
Sb08g003630	OVATE
Sb08g003780	FAR1-like
Sb08g003940	bZIP
Sb08g004000	TUB
Sb08g004250	MYB-related
Sb08g004360	C2C2-GATA
Sb08g004370	C2C2-GATA
Sb08g004720	MYB-related
Sb08g004860	NAC
Sb08g005080	WRKY
Sb08g005290	MYB-related
Sb08g005380	PLATZ
Sb08g006330	NAC
Sb08g006460	MADS
Sb08g006490	Homeobox
Sb08g006530	Alfin-like
Sb08g007760	NLP
Sb08g008300	bZIP
Sb08g014060	NAC
Sb08g014320	ARF
Sb08g015280	MYB-related
Sb08g015620	C2H2
Sb08g016240	WRKY
Sb08g016620	MYB-related
Sb08g016640	C3H
Sb08g018170	bZIP
Sb08g018370	MYB-related
Sb08g018580	MYB
Sb08g018760	C2C2-Dof
Sb08g018840	MYB-related
Sb08g018940	GRAS
Sb08g019490	C2H2
Sb08g019780	bHLH
Sb08g019900	ABI3-VP1
Sb08g019920	ABI3-VP1
Sb08g019930	ABI3-VP1
Sb08g020270	WRKY
Sb08g020275	bHLH
Sb08g020290	bHLH
Sb08g020320	bHLH
Sb08g020330	bHLH
Sb08g020600	bZIP
Sb08g020790	CPP
Sb08g020800	CPP
Sb08g021000	bHLH
Sb08g021350	bZIP
Sb08g021370	CCAAT-HAP2
Sb08g021375	GRAS
Sb08g021460	ARF
Sb08g021690	TCP
Sb08g021790	C2H2
Sb08g021870	WRKY
Sb08g022030	C2C2-YABBY
Sb08g022276	C2C2-GATA
Sb08g022560	NAC
Sb08g022760	bHLH
Sb08g022960	Homeobox
Sb08g023100	LBD
Sb08g023200	ABI3-VP1
Sb09g000820	C2H2
Sb09g000900	E2F-DP
Sb09g001140	GRAS
Sb09g001150	GRAS
Sb09g001160	GRAS
Sb09g001590	MYB-related
Sb09g002010	Homeobox
Sb09g002060	C2H2
Sb09g002190	LBD
Sb09g002290	MYB
Sb09g002370	Trihelix
Sb09g002390	C3H
Sb09g002510	bZIP
Sb09g002520	Homeobox
Sb09g002675	MYB-related
Sb09g002680	MYB-related
Sb09g002720	DBP
Sb09g003030	MADS
Sb09g003090	bHLH
Sb09g003100	MYB
Sb09g003290	MYB-related
Sb09g003300	MYB-related
Sb09g003310	MYB-related
Sb09g003340	MYB-related
Sb09g003350	MYB-related
Sb09g003360	MYB-related
Sb09g004315	C2C2-GATA
Sb09g004740	Alfin-like
Sb09g004820	bHLH
Sb09g004870	ABI3-VP1
Sb09g005300	C3H
Sb09g005700	WRKY
Sb09g006015	NAC
Sb09g006050	C3H
Sb09g006060	G2-like
Sb09g006196	bHLH
Sb09g006220	bHLH
Sb09g006360	MADS
Sb09g007210	OVATE
Sb09g007380	Trihelix
Sb09g007870	C2H2
Sb09g008000	NAC
Sb09g008120	bHLH
Sb09g011040	ABI3-VP1
Sb09g012740	OVATE
Sb09g015900	WRKY
Sb09g016150	AP2/ERF-AP2
Sb09g016240	LBD
Sb09g016550	AP2/ERF-ERF
Sb09g016570	MYB-related
Sb09g017950	AP2/ERF-ERF
Sb09g018550	GRAS
Sb09g019040	SHI/STY (SRS)
Sb09g019190	AP2/ERF-ERF
Sb09g020110	SBP
Sb09g020125	FAR1-like
Sb09g020320	bZIP
Sb09g020440	LBD
Sb09g020590	NAC
Sb09g020610	Alfin-like
Sb09g020690	AP2/ERF-ERF
Sb09g020750	NAC
Sb09g020770	MADS
Sb09g020850	GRAS
Sb09g020880	NAC
Sb09g021580	bZIP
Sb09g021590	TUB
Sb09g021690	C2C2-Dof
Sb09g021740	OVATE
Sb09g021770	MYB-related
Sb09g021780	NAC
Sb09g021850	C2H2
Sb09g022060	MYB-related
Sb09g022270	Homeobox
Sb09g022280	bHLH
Sb09g022660	C2H2
Sb09g023190	AP2/ERF-ERF
Sb09g023270	WRKY
Sb09g023390	OVATE
Sb09g023500	WRKY
Sb09g023630	ABI3-VP1
Sb09g023750	GRAS
Sb09g023830	G2-like
Sb09g023920	bZIP
Sb09g024090	G2-like
Sb09g024110	bZIP
Sb09g024220	CCAAT-HAP5
Sb09g024290	bZIP
Sb09g024400	AP2/ERF-ERF
Sb09g024690	GRAS
Sb09g025040	CPP
Sb09g025340	TCP
Sb09g025430	TUB
Sb09g025450	C2C2-Dof
Sb09g025500	ARF
Sb09g025580	NAC
Sb09g025650	OVATE
Sb09g025700	LBD
Sb09g025810	Homeobox
Sb09g025950	C2C2-GATA
Sb09g026350	WRKY
Sb09g026440	HSF
Sb09g026730	C2H2
Sb09g026800	AP2/ERF-ERF
Sb09g026830	FAR1-like
Sb09g027200	MYB-related
Sb09g027530	RAV
Sb09g027800	MYB-related
Sb09g028330	TUB
Sb09g028350	Trihelix
Sb09g028430	NAC
Sb09g028450	ARF
Sb09g028562	Homeobox
Sb09g028660	WRKY
Sb09g028750	WRKY
Sb09g028790	MYB-related
Sb09g028850	C2C2-GATA
Sb09g028990	bZIP
Sb09g029050	WRKY
Sb09g029070	AP2/ERF-ERF
Sb09g029120	MADS
Sb09g029330	C3H
Sb09g029510	C2C2-GATA
Sb09g029560	MYB-related
Sb09g029575	MYB
Sb09g029830	OVATE
Sb09g029850	WRKY
Sb09g030060	bHLH
Sb09g030390	MYB-related
Sb09g030780	LBD
Sb09g030930	bHLH
Sb09g030950	C2H2
Sb10g000460	NAC
Sb10g000520	GRAS
Sb10g000590	MYB-related
Sb10g000800	Homeobox
Sb10g000950	ABI3-VP1
Sb10g001620	AP2/ERF-ERF
Sb10g001690	GRAS
Sb10g002020	BBR/BPC
Sb10g002120	NAC
Sb10g002680	MADS
Sb10g002710	CCAAT-HAP3
Sb10g002740	Homeobox
Sb10g002750	Homeobox
Sb10g003160	AP2/ERF-ERF
Sb10g003170	WHIRLY
Sb10g004000	WRKY
Sb10g004390	MADS
Sb10g004500	bHLH
Sb10g004570	C2H2
Sb10g004580	AP2/ERF-ERF
Sb10g004880	BBR/BPC
Sb10g005020	MYB-related
Sb10g005420	DBP
Sb10g005520	AP2/ERF-ERF
Sb10g005580	ARR-B
Sb10g005650	bHLH
Sb10g006250	bHLH
Sb10g006260	AP2/ERF-ERF
Sb10g006440	ARF
Sb10g006570	MYB-related
Sb10g006690	GRF
Sb10g006820	Homeobox
Sb10g006920	GeBP
Sb10g006980	AP2/ERF-ERF
Sb10g007090	bZIP
Sb10g007380	MADS
Sb10g007780	AP2/ERF-ERF
Sb10g007810	MADS
Sb10g007890	NAC
Sb10g008000	bHLH
Sb10g008030	TCP
Sb10g008400	G2-like
Sb10g008800	E2F-DP
Sb10g009480	C2C2-CO-like
Sb10g009580	MYB-related
Sb10g009592	bZIP
Sb10g009650	MYB-related
Sb10g009660	MYB-related
Sb10g009670	NAC
Sb10g010050	C2C2-CO-like
Sb10g010860	C2C2-CO-like
Sb10g012170	C3H
Sb10g016950	FAR1-like
Sb10g019660	CPP
Sb10g019770	MADS
Sb10g019790	MADS
Sb10g020010	WRKY
Sb10g020490	bHLH
Sb10g020860	NAC
Sb10g021360	G2-like
Sb10g021663	MADS
Sb10g021750	BZR
Sb10g021800	HSF
Sb10g022130	NAC
Sb10g022210	Homeobox
Sb10g022340	HSF
Sb10g022530	bHLH
Sb10g022580	C2C2-GATA
Sb10g023220	DBP
Sb10g023270	FAR1-like
Sb10g023400	Homeobox
Sb10g023600	AP2/ERF-ERF
Sb10g024040	C2H2
Sb10g024180	ARR-B
Sb10g024330	C3H
Sb10g024770	bZIP
Sb10g024870	AP2/ERF-ERF
Sb10g025053	AP2/ERF-ERF
Sb10g025440	Homeobox
Sb10g025590	WRKY
Sb10g025600	WRKY
Sb10g026150	AP2/ERF-AP2
Sb10g026200	SBP
Sb10g026450	bZIP
Sb10g026620	PLATZ
Sb10g026690	MADS
Sb10g026930	G2-like
Sb10g027100	NAC
Sb10g027200	C3H
Sb10g027220	ARF
Sb10g027280	MYB-related
Sb10g027790	ARF
Sb10g028110	AP2/ERF-ERF
Sb10g028630	Homeobox
Sb10g028750	C2C2-Dof
Sb10g029130	ARF
Sb10g029190	SBP
Sb10g029200	G2-like
Sb10g029250	C3H
Sb10g029595	LBD
Sb10g029800	SHI/STY (SRS)
Sb10g029810	MADS
Sb10g029840	PHD
Sb10g030250	bZIP
Sb10g030400	bZIP
Sb10g030470	bHLH
Sb10g030770	NAC
Sb10g030810	C2H2
Sb10g030960	MYB
Sb10g031270	C2H2
Sb2250s002010	bHLH
Sb2273s002010	bHLH
Sb0836s002010	MADS
Sb0088s002210	MYB-related
Sb01g030520	ABI3-VP1
Sb01g000352	AP2/ERF-ERF
Sb01g000696	WRKY
Sb01g000730	HSF
Sb01g001615	FAR1-like
Sb01g001830	NAC
Sb01g002270	C2C2-GATA
Sb01g002530	SBP
Sb01g003110	GRAS
Sb01g003210	C2C2-Dof
Sb01g003270	C2H2
Sb01g003280	C2H2
Sb01g003300	C2H2
Sb01g003400	AP2/ERF-ERF
Sb01g003420	Alfin-like
Sb01g003670	AP2/ERF-ERF
Sb01g003710	NAC
Sb01g003775	NAC
Sb01g003830	bHLH
Sb01g004080	bZIP
Sb01g004195	NAC
Sb01g004710	bHLH
Sb01g004720	DDT
Sb01g005100	MYB-related
Sb01g005130	bHLH
Sb01g005170	bZIP
Sb01g005250	HSF
Sb01g005690	C2C2-GATA
Sb01g005700	LBD
Sb01g006020	TCP
Sb01g017560	C2C2-YABBY
Sb01g018060	MYB
Sb01g018240	C2C2-Dof
Sb01g019120	bZIP
Sb01g019130	ARF
Sb01g019270	MYB-related
Sb01g019980	ARR-B
Sb01g020090	C2C2-GATA
Sb01g020555	AP2/ERF-ERF
Sb01g021000	E2F-DP
Sb01g021310	OVATE
Sb01g021480	C2H2
Sb01g021490	HSF
Sb01g022100	NAC
Sb01g022330	C2C2-Dof
Sb01g022380	AP2/ERF-ERF
Sb01g022420	Homeobox
Sb01g022440	bHLH
Sb01g023290	ZIM
Sb01g023300	ZIM
Sb01g023320	ZIM
Sb01g023330	ZIM
Sb01g023431	ZIM
Sb01g024400	LBD
Sb01g024673	GeBP
Sb01g026610	bHLH
Sb01g027411	bHLH
Sb01g027416	bHLH
Sb01g027430	Homeobox
Sb01g027770	WRKY
Sb01g028160	Homeobox
Sb01g028230	bHLH
Sb01g028260	PLATZ
Sb01g028450	NAC
Sb01g028790	GeBP
Sb01g028870	G2-like
Sb01g028930	AP2/ERF-ERF
Sb01g029000	Homeobox
Sb01g029020	G2-like
Sb01g029065	AP2/ERF-ERF
Sb01g029170	C2C2-GATA
Sb01g029290	MYB-related
Sb01g029370	C2H2
Sb01g029650	GRAS
Sb01g030570	MADS
Sb01g030620	Homeobox
Sb01g030720	OVATE
Sb01g030760	NAC
Sb01g031510	OVATE
Sb01g031720	GRAS
Sb01g031790	LBD
Sb01g031890	C2H2
Sb01g031900	C2H2
Sb01g031920	C2H2
Sb01g032120	WRKY
Sb01g032230	C2H2
Sb01g032710	CCAAT-HAP2
Sb01g032770	MYB-related
Sb01g032800	GRAS
Sb01g033020	ZIM
Sb01g033160	PLATZ
Sb01g033165	PLATZ
Sb01g033530	bHLH
Sb01g033650	CAMTA
Sb01g034080	C2H2
Sb01g034100	C2H2
Sb01g034270	MYB-related
Sb01g034370	GeBP
Sb01g034410	NAC
Sb01g034500	HSF
