Csa14g001790, CsSunV4_14g00920-mRNA-1, CsSunV4_14g00920, At1g01350, C3H
Csa17g001810, CsSunV4_17g00890-mRNA-1, CsSunV4_17g00890, At1g01350, C3H
Csa03g002570, CsSunV4_3g01610-mRNA-1, CsSunV4_3g01610, At1g02540, NAC
Csa14g002590, CsSunV4_14g01750-mRNA-1, CsSunV4_14g01750, At1g02540, NAC
Csa17g001330, CsSunV4_17g00340-mRNA-1, CsSunV4_17g00340, At1g02540, NAC
Csa03g002700, CsSunV4_3g01740-mRNA-1, CsSunV4_3g01740, At1g02670, SNF2
Csa14g002710, CsSunV4_14g01890-mRNA-1, CsSunV4_14g01890, At1g02670, 
Csa03g005160, CsSunV4_3g03340-mRNA-1, CsSunV4_3g03340, At1g03970, bZIP
Csa14g005080, CsSunV4_14g03370-mRNA-1, CsSunV4_14g03370, At1g03970, bZIP
Csa17g007050, CsSunV4_17g03320-mRNA-1, CsSunV4_17g03320, At1g03970, bZIP
Csa03g005640, CsSunV4_3g03810-mRNA-1, CsSunV4_3g03810, At1g04370, AP2/ERF-ERF
Csa14g005500, CsSunV4_14g03790-mRNA-1, CsSunV4_14g03790, At1g04370, AP2/ERF-ERF
Csa17g007520, CsSunV4_17g03770-mRNA-1, CsSunV4_17g03770, At1g04370, AP2/ERF-ERF
Csa03g005750, CsSunV4_3g03910-mRNA-1, CsSunV4_3g03910, At1g04445, C2H2
Csa14g005630, CsSunV4_14g03920-mRNA-1, CsSunV4_14g03920, At1g04445, C2H2
Csa17g007660, CsSunV4_17g03880-mRNA-1, CsSunV4_17g03880, At1g04445, C2H2note
Csa03g006320, CsSunV4_3g04460-mRNA-1, CsSunV4_3g04460, At1g04990, C3H
Csa14g006230, CsSunV4_14g04520-mRNA-1, CsSunV4_14g04520, At1g04990, C3H
Csa17g008250, CsSunV4_17g04430-mRNA-1, CsSunV4_17g04430, At1g04990, C3H
Csa03g007210, CsSunV4_3g05480-mRNA-1, CsSunV4_3g05480, At1g05805, bHLH
Csa03g008550, CsSunV4_3g06050-mRNA-1, CsSunV4_3g06050, At1g06070, bZIP
Csa14g007460, CsSunV4_14g05810-mRNA-1, CsSunV4_14g05810, At1g06070, bZIP
Csa17g009470, CsSunV4_17g05710-mRNA-1, CsSunV4_17g05710, At1g06070, bZIP
Csa03g009620, CsSunV4_3g06310-mRNA-1, CsSunV4_3g06310, At1g06180, MYB-related
Csa14g007590, CsSunV4_14g06000-mRNA-1, CsSunV4_14g06000, At1g06180, MYB-related
Csa17g009600, CsSunV4_17g05820-mRNA-1, CsSunV4_17g05820, At1g06180, MYB-related
Csa03g010280, CsSunV4_3g07050-mRNA-1, CsSunV4_3g07050, At1g06910, MYB-related
Csa17g010290, CsSunV4_17g06530-mRNA-1, CsSunV4_17g06530, At1g06910, MYB-related
Csa14g008900, CsSunV4_14g07360-mRNA-1, CsSunV4_14g07360, At1g07520, GRAS
Csa03g010930, CsSunV4_3g07670-mRNA-1, CsSunV4_3g07670, At1g07530, GRAS
Csa17g010900, CsSunV4_17g07150-mRNA-1, CsSunV4_17g07150, At1g07530, GRAS
Csa03g012900, CsSunV4_3g09790-mRNA-1, CsSunV4_3g09790, At1g09540, MYB
Csa14g010940, CsSunV4_14g09510-mRNA-1, CsSunV4_14g09510, At1g09540, MYB-related
Csa17g013010, CsSunV4_17g09370-mRNA-1, CsSunV4_17g09370, At1g09540, MYB-related
Csa03g013050, CsSunV4_3g10030-mRNA-1, CsSunV4_3g10030, At1g09710, MYB-related
Csa17g013260, CsSunV4_17g09690-mRNA-1, CsSunV4_17g09690, At1g09710, MYB-related
Csa03g013110, CsSunV4_3g10080-mRNA-1, CsSunV4_3g10080, At1g09770, MYB-related
Csa14g011200, CsSunV4_14g09830-mRNA-1, CsSunV4_14g09830, At1g09770, MYB-related
Csa17g013320, CsSunV4_17g09750-mRNA-1, CsSunV4_17g09750, At1g09770, MYB-related
Csa03g013650, CsSunV4_3g10710-mRNA-2, CsSunV4_3g10710, At1g10240, FAR1
Csa17g013860, CsSunV4_17g10340-mRNA-1, CsSunV4_17g10340, At1g10240, FAR1
Csa03g013740, CsSunV4_3g10830-mRNA-1, CsSunV4_3g10830, At1g10320, C3H
Csa14g011820, CsSunV4_14g10530-mRNA-1, CsSunV4_14g10530, At1g10320, C3H
Csa17g013950, CsSunV4_17g10510-mRNA-1, CsSunV4_17g10510, At1g10320, C3H
Csa03g016800, CsSunV4_3g14120-mRNA-1, CsSunV4_3g14120, At1g12980, AP2/ERF-ERF
Csa14g015990, CsSunV4_14g14140-mRNA-1, CsSunV4_14g14140, At1g12980, AP2/ERF-ERF
Csa17g017300, CsSunV4_17g14260-mRNA-1, CsSunV4_17g14260, At1g12980, AP2/ERF-ERF
Csa14g016930, CsSunV4_14g15180-mRNA-1, CsSunV4_14g15180, At1g13960, WRKY
Csa17g019340, CsSunV4_17g15340-mRNA-1, CsSunV4_17g15340, At1g13960, WRKY
Csa03g018350, CsSunV4_3g15910-mRNA-1, CsSunV4_3g15910, At1g14580, C2H2
Csa17g020030, CsSunV4_17g16080-mRNA-1, CsSunV4_17g16080, At1g14580, C2H2
Csa03g018370, CsSunV4_3g15930-mRNA-1, CsSunV4_3g15930, At1g14600, G2-like
Csa03g018470, CsSunV4_3g16070-mRNA-1, CsSunV4_3g16070, At1g14687, zf-HD
Csa03g019490, CsSunV4_3g17090-mRNA-1, CsSunV4_3g17090, At1g15720, MYB-related
Csa17g021280, CsSunV4_17g17480-mRNA-1, CsSunV4_17g17480, At1g15720, MYB-related
Csa03g019480, CsSunV4_3g17080-mRNA-1, CsSunV4_3g17080, At1g15730, MYB-related
Csa14g018800, CsSunV4_14g17400-mRNA-3, CsSunV4_14g17400, At1g15730, TF?
Csa17g021290, CsSunV4_17g17470-mRNA-1, CsSunV4_17g17470, At1g15730, TF?
Csa03g020230, CsSunV4_3g17830-mRNA-1, CsSunV4_3g17830, At1g16490, MYB
Csa03g021100, CsSunV4_3g18720-mRNA-1, CsSunV4_3g18720, At1g17310, MADS-M-type
Csa14g021560, CsSunV4_14g19180-mRNA-1, CsSunV4_14g19180, At1g17310, MADS-M-type
Csa17g023030, CsSunV4_17g19260-mRNA-1, CsSunV4_17g19260, At1g17310, MADS-M-type
Csa03g022570, CsSunV4_3g20170-mRNA-1, CsSunV4_3g20170, At1g18700, C2H2
Csa17g024500, CsSunV4_17g20780-mRNA-1, CsSunV4_17g20780, At1g18700, TF?
Csa03g022860, CsSunV4_3g20540-mRNA-1, CsSunV4_3g20540, At1g19000, MYB-related
Csa14g024360, CsSunV4_14g21200-mRNA-1, CsSunV4_14g21200, At1g19000, MYB-related
Csa17g024820, CsSunV4_17g21130-mRNA-1, CsSunV4_17g21130, At1g19000, MYB-related
Csa14g024680, CsSunV4_14g21560-mRNA-1, CsSunV4_14g21560, At1g19350, BES1
Csa17g025140, CsSunV4_17g21510-mRNA-1, CsSunV4_17g21510, At1g19350, BES1
Csa03g023540, CsSunV4_3g21260-mRNA-1, CsSunV4_3g21260, At1g19700, Homeobox
Csa17g025520, CsSunV4_17g21860-mRNA-1, CsSunV4_17g21860, At1g19700, Homeobox
Csa03g023710, CsSunV4_3g21420-mRNA-1, CsSunV4_3g21420, At1g19860, C3H
Csa14g025140, CsSunV4_14g22040-mRNA-1, CsSunV4_14g22040, At1g19860, C3H
Csa17g025670, CsSunV4_17g22030-mRNA-1, CsSunV4_17g22030, At1g19860, C3H
Csa03g024450, CsSunV4_3g22140-mRNA-1, CsSunV4_3g22140, At1g20640, RWP-RK
Csa17g026440, CsSunV4_17g22870-mRNA-1, CsSunV4_17g22870, At1g20640, RWP-RK
Csa03g025140, CsSunV4_3g22810-mRNA-1, CsSunV4_3g22810, At1g21340, C2C2-Dof
Csa14g026580, CsSunV4_14g23530-mRNA-1, CsSunV4_14g23530, At1g21340, C2C2-Dof
Csa17g027260, CsSunV4_17g23680-mRNA-1, CsSunV4_17g23680, At1g21340, C2C2-Dof
Csa03g025570, CsSunV4_3g23270-mRNA-1, CsSunV4_3g23270, At1g21700, MYB-related
Csa14g026950, CsSunV4_14g23980-mRNA-1, CsSunV4_14g23980, At1g21700, MYB-related
Csa17g028460, CsSunV4_17g24210-mRNA-1, CsSunV4_17g24210, At1g21700, MYB-related
Csa14g027420, CsSunV4_14g24790-mRNA-1, CsSunV4_14g24790, At1g22190, AP2/ERF-ERF
Csa17g029420, CsSunV4_17g25520-mRNA-1, CsSunV4_17g25520, At1g22490, bHLH
Csa03g026440, CsSunV4_3g24350-mRNA-1, CsSunV4_3g24350, At1g22590, MADS-M-type
Csa17g029500, CsSunV4_17g25630-mRNA-1, CsSunV4_17g25630, At1g22590, MADS-M-type
Csa03g030110, CsSunV4_3g28370-mRNA-1, CsSunV4_3g28370, At1g24590, AP2/ERF-ERF
Csa14g034470, CsSunV4_14g29260-mRNA-1, CsSunV4_14g29260, At1g24590, AP2/ERF-ERF
Csa17g035540, CsSunV4_17g30160-mRNA-1, CsSunV4_17g30160, At1g24590, AP2/ERF-ERF
Csa03g028770, CsSunV4_3g26760-mRNA-1, CsSunV4_3g26760, At1g26760, SET
Csa03g031300, CsSunV4_3g29590-mRNA-1, CsSunV4_3g29590, At1g28050, C2C2-CO-like
Csa17g037850, CsSunV4_17g31880-mRNA-1, CsSunV4_17g31880, At1g28050, C2C2-CO-like
Csa03g031420, CsSunV4_3g29710-mRNA-1, CsSunV4_3g29710, At1g28160, AP2/ERF-ERF
Csa14g035750, CsSunV4_14g30670-mRNA-1, CsSunV4_14g30670, At1g28160, AP2/ERF-ERF
Csa17g037980, CsSunV4_17g32000-mRNA-1, CsSunV4_17g32000, At1g28160, AP2/ERF-ERF
Csa03g031590, CsSunV4_3g29970-mRNA-1, CsSunV4_3g29970, At1g28300, ABI3VP1
Csa14g035910, CsSunV4_14g30910-mRNA-1, CsSunV4_14g30910, At1g28300, ABI3VP1
Csa17g039140, CsSunV4_17g32250-mRNA-1, CsSunV4_17g32250, At1g28300, ABI3VP1
Csa03g031770, CsSunV4_3g30210-mRNA-1, CsSunV4_3g30210, At1g28420, HB
Csa03g032720, CsSunV4_3g31220-mRNA-1, CsSunV4_3g31220, At1g29600, C3H
Csa03g033130, CsSunV4_3g31670-mRNA-1, CsSunV4_3g31670, At1g29962, MADS-M-type
Csa14g037510, CsSunV4_14g32760-mRNA-1, CsSunV4_14g32760, At1g29962, MADS-M-type
Csa03g033390, CsSunV4_3g31980-mRNA-1, CsSunV4_3g31980, At1g30210, TCP
Csa14g037850, CsSunV4_14g33090-mRNA-1, CsSunV4_14g33090, At1g30210, TCP
Csa17g043170, CsSunV4_17g34710-mRNA-1, CsSunV4_17g34710, At1g30210, TCP
Csa14g038240, CsSunV4_14g33550-mRNA-1, CsSunV4_14g33550, At1g30500, NF-YA
Csa03g034380, CsSunV4_3g33090-mRNA-1, CsSunV4_3g33090, At1g30970, C2H2
Csa14g039090, CsSunV4_14g34350-mRNA-1, CsSunV4_14g34350, At1g30970, C2H2
Csa17g048460, CsSunV4_17g36520-mRNA-1, CsSunV4_17g36520, At1g30970, C2H2
Csa03g036460, CsSunV4_3g34610-mRNA-1, CsSunV4_3g34610, At1g32130, IWS1
Csa14g042050, CsSunV4_14g35670-mRNA-1, CsSunV4_14g35670, At1g32130, IWS1
Csa17g050470, CsSunV4_17g37930-mRNA-1, CsSunV4_17g37930, At1g32130, IWS1
Csa14g042550, CsSunV4_14g36180-mRNA-1, CsSunV4_14g36180, At1g32540, C2C2-LSD
Csa17g051960, CsSunV4_17g38500-mRNA-1, CsSunV4_17g38500, At1g32540, C2C2-LSD
Csa14g042770, CsSunV4_14g36440-mRNA-1, CsSunV4_14g36440, At1g32700, PLATZ
Csa17g053130, CsSunV4_17g38960-mRNA-1, CsSunV4_17g38960, At1g32700, PLATZ
Csa03g037120, CsSunV4_3g35400-mRNA-1, CsSunV4_3g35400, At1g32730, SRS
Csa14g042750, CsSunV4_14g36420-mRNA-1, CsSunV4_14g36420, At1g32730, SRS
Csa17g053150, CsSunV4_17g38980-mRNA-1, CsSunV4_17g38980, At1g32730, SRS
Csa03g036980, CsSunV4_3g35230-mRNA-1, CsSunV4_3g35230, At1g32870, NAC
Csa14g042630, CsSunV4_14g36280-mRNA-1, CsSunV4_14g36280, At1g32870, NAC
Csa03g037360, CsSunV4_3g35690-mRNA-1, CsSunV4_3g35690, At1g33060, NAC
Csa03g037530, CsSunV4_3g35970-mRNA-1, CsSunV4_3g35970, At1g33280, NAC
Csa14g043230, CsSunV4_14g37110-mRNA-1, CsSunV4_14g37110, At1g33280, NAC
Csa17g055620, CsSunV4_17g39610-mRNA-1, CsSunV4_17g39610, At1g33280, NAC
Csa03g038320, CsSunV4_3g36850-mRNA-1, CsSunV4_3g36850, At1g34170, ARF
Csa14g044020, CsSunV4_14g38100-mRNA-1, CsSunV4_14g38100, At1g34170, ARF
Csa17g059430, CsSunV4_17g40840-mRNA-1, CsSunV4_17g40840, At1g34170, ARF
Csa14g044030, CsSunV4_14g38110-mRNA-1, CsSunV4_14g38110, At1g34190, NAC
Csa03g038650, CsSunV4_3g37290-mRNA-1, CsSunV4_3g37290, At1g34650, HB
Csa14g044410, CsSunV4_14g38480-mRNA-1, CsSunV4_14g38480, At1g34650, HB
Csa17g062160, CsSunV4_17g41870-mRNA-1, CsSunV4_17g41870, At1g34650, HB
Csa03g038980, CsSunV4_3g37800-mRNA-1, CsSunV4_3g37800, At1g35460, bHLH
Csa17g063620, CsSunV4_17g42670-mRNA-1, CsSunV4_17g42670, At1g35460, bHLH
Csa17g069490, CsSunV4_17g44460-mRNA-1, CsSunV4_17g44460, At1g43640, TUB
Csa03g051680, CsSunV4_3g41670-mRNA-1, CsSunV4_3g41670, At1g47990, Other names: ARABIDOPSIS THALIANA GIBBERELLIN 2-OXIDASE 4, ATGA2OX4, GA2OX4, GIBBERELLIN 2-OXIDASE 4
Csa14g051900, CsSunV4_14g43640-mRNA-1, CsSunV4_14g43640, At1g47990, Other names: ARABIDOPSIS THALIANA GIBBERELLIN 2-OXIDASE 4, ATGA2OX4, GA2OX4, GIBBERELLIN 2-OXIDASE 4
Csa17g075420, CsSunV4_17g47080-mRNA-1, CsSunV4_17g47080, At1g47990, Other names: ARABIDOPSIS THALIANA GIBBERELLIN 2-OXIDASE 4, ATGA2OX4, GA2OX4, GIBBERELLIN 2-OXIDASE 4
Csa03g053740, CsSunV4_3g42990-mRNA-1, CsSunV4_3g42990, At1g48880, C3H
Csa14g055180, CsSunV4_14g45180-mRNA-1, CsSunV4_14g45180, At1g48880, C3H
Csa17g080520, CsSunV4_17g48650-mRNA-1, CsSunV4_17g48650, At1g48880, C3H
Csa03g054960, CsSunV4_3g43300-mRNA-1, CsSunV4_3g43300, At1g49120, AP2/ERF-ERF
Csa14g054960, CsSunV4_14g44900-mRNA-1, CsSunV4_14g44900, At1g49120, AP2/ERF-ERF
Csa17g080750, CsSunV4_17g48910-mRNA-1, CsSunV4_17g48910, At1g49120, AP2/ERF-ERF
Csa03g055020, CsSunV4_3g43450-mRNA-1, CsSunV4_3g43450, At1g49190, ARR-B
Csa17g080870, CsSunV4_17g49050-mRNA-1, CsSunV4_17g49050, At1g49190, ARR-B
Csa03g055340, CsSunV4_3g43820-mRNA-1, CsSunV4_3g43820, At1g49475, B3
Csa17g083180, CsSunV4_17g49510-mRNA-1, CsSunV4_17g49510, At1g49475, B3
Csa03g055350, CsSunV4_3g43830-mRNA-1, CsSunV4_3g43830, At1g49480, B3
Csa14g055690, CsSunV4_14g45680-mRNA-1, CsSunV4_14g45680, At1g49480, B3
Csa03g055390, CsSunV4_3g43890-mRNA-1, CsSunV4_3g43890, At1g49520, SWI/SNF-BAF60b
Csa14g055730, CsSunV4_14g45740-mRNA-1, CsSunV4_14g45740, At1g49520, SWI/SNF-BAF60b
Csa17g083230, CsSunV4_17g49580-mRNA-1, CsSunV4_17g49580, At1g49520, SWI/SNF-BAF60b
Csa03g055890, CsSunV4_3g44570-mRNA-1, CsSunV4_3g44570, At1g49950, MYB-related
Csa14g057260, CsSunV4_14g46410-mRNA-1, CsSunV4_14g46410, At1g49950, MYB-related
Csa17g085760, CsSunV4_17g50360-mRNA-1, CsSunV4_17g50360, At1g49950, MYB-related
Csa17g088340, CsSunV4_17g51090-mRNA-1, CsSunV4_17g51090, At1g50600, GRAS
Csa03g056590, CsSunV4_3g45370-mRNA-1, CsSunV4_3g45370, At1g50620, PHD
Csa17g088360, CsSunV4_17g51110-mRNA-1, CsSunV4_17g51110, At1g50620, PHD
Csa14g059400, CsSunV4_14g47820-mRNA-1, CsSunV4_14g47820, At1g51070, bHLH
Csa17g089820, CsSunV4_17g51540-mRNA-1, CsSunV4_17g51540, At1g51070, bHLH
Csa03g058030, CsSunV4_3g45890-mRNA-2, CsSunV4_3g45890, At1g51120, B3
Csa14g059470, CsSunV4_14g47930-mRNA-2, CsSunV4_14g47930, At1g51120, B3
Csa17g089890, CsSunV4_17g51620-mRNA-2, CsSunV4_17g51620, At1g51120, B3
Csa03g058080, CsSunV4_3g45950-mRNA-1, CsSunV4_3g45950, At1g51190, AP2-EREBP
Csa14g059520, CsSunV4_14g48000-mRNA-1, CsSunV4_14g48000, At1g51190, AP2-EREBP
Csa17g089940, CsSunV4_17g51670-mRNA-1, CsSunV4_17g51670, At1g51190, AP2-EREBP
Csa03g058110, CsSunV4_3g45980-mRNA-1, CsSunV4_3g45980, At1g51220, C2H2
Csa14g059550, CsSunV4_14g48040-mRNA-1, CsSunV4_14g48040, At1g51220, C2H2
Csa17g089980, CsSunV4_17g51710-mRNA-1, CsSunV4_17g51710, At1g51220, C2H2
Csa03g058510, CsSunV4_3g46470-mRNA-1, CsSunV4_3g46470, At1g51600, C2C2-GATA
Csa14g059850, CsSunV4_14g48570-mRNA-1, CsSunV4_14g48570, At1g51600, C2C2-Gata
Csa17g090500, CsSunV4_17g52520-mRNA-1, CsSunV4_17g52520, At1g51600, C2C2-Gata
Csa03g059500, CsSunV4_3g47810-mRNA-2, CsSunV4_3g47810, At1g52520, FAR1
Csa14g061770, CsSunV4_14g49780-mRNA-1, CsSunV4_14g49780, At1g52520, FAR1
Csa17g092510, CsSunV4_17g53730-mRNA-1, CsSunV4_17g53730, At1g52520, FAR1
Csa03g059990, CsSunV4_3g48270-mRNA-1, CsSunV4_3g48270, At1g52880, NAC
Csa14g063200, CsSunV4_14g50300-mRNA-1, CsSunV4_14g50300, At1g52880, NAC
Csa17g093060, CsSunV4_17g54420-mRNA-1, CsSunV4_17g54420, At1g52880, NAC
Csa03g060570, CsSunV4_3g48960-mRNA-1, CsSunV4_3g48960, At1g53320, TUB
Csa14g063860, CsSunV4_14g50890-mRNA-1, CsSunV4_14g50890, At1g53320, TUB
Csa17g093660, CsSunV4_17g55130-mRNA-1, CsSunV4_17g55130, At1g53320, TUB
Csa03g061220, CsSunV4_3g49790-mRNA-1, CsSunV4_3g49790, At1g53910, AP2/ERF-ERF
Csa14g064560, CsSunV4_14g51770-mRNA-1, CsSunV4_14g51770, At1g53910, AP2/ERF-ERF
Csa17g094420, CsSunV4_17g55940-mRNA-1, CsSunV4_17g55940, At1g53910, AP2/ERF-ERF
Csa05g060700, CsSunV4_5g35840-mRNA-1, CsSunV4_5g35840, At1g54830, NF-YC
Csa07g023720, CsSunV4_7g18840-mRNA-1, CsSunV4_7g18840, At1g54830, NF-YC
Csa17g098200, CsSunV4_17g58060-mRNA-1, CsSunV4_17g58060, At1g54830, NF-YC
Csa17g094810, CsSunV4_17g56410-mRNA-1, CsSunV4_17g56410, At1g55080, MED9
Csa14g064970, CsSunV4_14g52250-mRNA-1, CsSunV4_14g52250, At1g55110, C2H2
Csa14g066160, CsSunV4_14g52590-mRNA-1, CsSunV4_14g52590, At1g55325, MED13
Csa17g095160, CsSunV4_17g56780-mRNA-1, CsSunV4_17g56780, At1g55325, MED13
Csa03g062230, CsSunV4_3g50980-mRNA-1, CsSunV4_3g50980, At1g55600, WRKY
Csa14g067480, CsSunV4_14g52950-mRNA-1, CsSunV4_14g52950, At1g55600, WRKY
Csa17g095480, CsSunV4_17g57130-mRNA-1, CsSunV4_17g57130, At1g55600, WRKY
Csa03g062380, CsSunV4_3g51140-mRNA-1, CsSunV4_3g51140, At1g55760, TRAF
Csa14g067640, CsSunV4_14g53140-mRNA-1, CsSunV4_14g53140, At1g55760, TRAF
Csa17g095680, CsSunV4_17g57440-mRNA-1, CsSunV4_17g57440, At1g55760, TRAF
Csa05g053560, CsSunV4_5g33850-mRNA-1, CsSunV4_5g33850, At1g58100, TCP
Csa07g019370, CsSunV4_7g17030-mRNA-1, CsSunV4_7g17030, At1g58100, TCP
Csa16g018640, CsSunV4_16g15970-mRNA-1, CsSunV4_16g15970, At1g58100, TCP
Csa05g053760, CsSunV4_5g34130-mRNA-1, CsSunV4_5g34130, At1g58220, MYB-related
Csa07g019200, CsSunV4_7g16840-mRNA-1, CsSunV4_7g16840, At1g58220, MYB-related
Csa16g018500, CsSunV4_16g15770-mRNA-1, CsSunV4_16g15770, At1g58220, MYB-related
Csa16g052790, CsSunV4_16g46400-mRNA-1, CsSunV4_16g46400, At1g60920, MADS-M-type
Csa16g055700, CsSunV4_16g48810-mRNA-1, CsSunV4_16g48810, At1g62990, Homeobox
Csa07g064440, CsSunV4_7g53780-mRNA-1, CsSunV4_7g53780, At1g63100, GRAS
Csa09g097840, CsSunV4_9g59720-mRNA-1, CsSunV4_9g59720, At1g63100, GRAS
Csa16g055810, CsSunV4_16g48950-mRNA-1, CsSunV4_16g48950, At1g63100, GRAS
Csa09g098130, CsSunV4_9g60020-mRNA-1, CsSunV4_9g60020, At1g63290, Orphan
Csa16g056070, CsSunV4_16g49260-mRNA-1, CsSunV4_16g49260, At1g63290, Orphan
Csa07g065480, CsSunV4_7g54760-mRNA-1, CsSunV4_7g54760, At1g64000, WRKY
Csa09g098810, CsSunV4_9g60550-mRNA-1, CsSunV4_9g60550, At1g64000, WRKY
Csa16g056700, CsSunV4_16g49930-mRNA-1, CsSunV4_16g49930, At1g64000, WRKY
Csa07g066190, CsSunV4_7g55630-mRNA-1, CsSunV4_7g55630, At1g64620, C2C2-Dof
Csa16g057360, CsSunV4_16g50780-mRNA-1, CsSunV4_16g50780, At1g64620, C2C2-Dof
Csa05g079950, CsSunV4_5g43040-mRNA-1, CsSunV4_5g43040, At1g67100, LOB
Csa07g032410, CsSunV4_7g24560-mRNA-1, CsSunV4_7g24560, At1g67100, LOB
Csa16g026870, CsSunV4_16g21120-mRNA-1, CsSunV4_16g21120, At1g67100, LOB
Csa05g083490, CsSunV4_5g44960-mRNA-1, CsSunV4_5g44960, At1g68210, ARR-B
Csa07g033820, CsSunV4_7g26390-mRNA-1, CsSunV4_7g26390, At1g68210, ARR-B
Csa16g028230, CsSunV4_16g22850-mRNA-2, CsSunV4_16g22850, At1g68210, ARR-B
Csa05g084910, CsSunV4_5g45550-mRNA-1, CsSunV4_5g45550, At1g68510, LOB
Csa16g028530, CsSunV4_16g23210-mRNA-1, CsSunV4_16g23210, At1g68510, LOB
Csa05g085380, CsSunV4_5g46170-mRNA-1, CsSunV4_5g46170, At1g68800, TCP
Csa07g034590, CsSunV4_7g27380-mRNA-1, CsSunV4_7g27380, At1g68800, TCP
Csa16g028990, CsSunV4_16g23770-mRNA-1, CsSunV4_16g23770, At1g68800, TCP
Csa05g085670, CsSunV4_5g46450-mRNA-1, CsSunV4_5g46450, At1g69010, bHLH
Csa07g035700, CsSunV4_7g27690-mRNA-1, CsSunV4_7g27690, At1g69010, bHLH
Csa16g030340, CsSunV4_16g24020-mRNA-1, CsSunV4_16g24020, At1g69010, bHLH
Csa05g087530, CsSunV4_5g47550-mRNA-1, CsSunV4_5g47550, At1g69690, TCP
Csa07g036430, CsSunV4_7g28650-mRNA-1, CsSunV4_7g28650, At1g69690, TCP
Csa16g031220, CsSunV4_16g24970-mRNA-1, CsSunV4_16g24970, At1g69690, TCP
Csa07g038040, CsSunV4_7g30670-mRNA-1, CsSunV4_7g30670, At1g71130, AP2/ERF-ERF
Csa09g072460, CsSunV4_9g39830-mRNA-1, CsSunV4_9g39830, At1g71130, AP2/ERF-ERF
Csa16g032820, CsSunV4_16g26930-mRNA-1, CsSunV4_16g26930, At1g71130, AP2-EREBP
Csa07g038160, CsSunV4_7g30820-mRNA-5, CsSunV4_7g30820, At1g71200, bHLH
Csa09g072570, CsSunV4_9g39990-mRNA-1, CsSunV4_9g39990, At1g71200, bHLH
Csa16g032920, CsSunV4_16g27090-mRNA-9, CsSunV4_16g27090, At1g71200, bHLH
Csa07g038230, CsSunV4_7g30880-mRNA-1, CsSunV4_7g30880, At1g71260, Whirly
Csa09g072630, CsSunV4_9g40050-mRNA-1, CsSunV4_9g40050, At1g71260, Whirly
Csa16g033970, CsSunV4_16g27150-mRNA-1, CsSunV4_16g27150, At1g71260, Whirly
Csa16g034460, CsSunV4_16g27690-mRNA-1, CsSunV4_16g27690, At1g71840, WD40
Csa07g038960, CsSunV4_7g31600-mRNA-1, CsSunV4_7g31600, At1g72010, TCP
Csa09g075370, CsSunV4_9g40760-mRNA-1, CsSunV4_9g40760, At1g72010, TCP
Csa16g034670, CsSunV4_16g27900-mRNA-1, CsSunV4_16g27900, At1g72010, TCP
Csa07g039010, CsSunV4_7g31630-mRNA-1, CsSunV4_7g31630, At1g72040, C2H2
Csa09g075400, CsSunV4_9g40790-mRNA-1, CsSunV4_9g40790, At1g72040, C2H2
Csa16g034700, CsSunV4_16g27930-mRNA-1, CsSunV4_16g27930, At1g72040, C2H2
Csa07g039440, CsSunV4_7g32230-mRNA-1, CsSunV4_7g32230, At1g72350, MADS-M-type
Csa09g075940, CsSunV4_9g41470-mRNA-1, CsSunV4_9g41470, At1g72350, MADS-M-type
Csa16g035040, CsSunV4_16g28340-mRNA-1, CsSunV4_16g28340, At1g72350, MADS-M-type
Csa09g076040, CsSunV4_9g41570-mRNA-1, CsSunV4_9g41570, At1g72450, Tify
Csa07g039750, CsSunV4_7g32510-mRNA-1, CsSunV4_7g32510, At1g72650, MYB-related
Csa09g077200, CsSunV4_9g41860-mRNA-1, CsSunV4_9g41860, At1g72650, MYB-related
Csa16g035330, CsSunV4_16g28620-mRNA-1, CsSunV4_16g28620, At1g72650, MYB-related
Csa07g040550, CsSunV4_7g33380-mRNA-1, CsSunV4_7g33380, At1g73360, HB-HD-ZIP
Csa09g077920, CsSunV4_9g42610-mRNA-1, CsSunV4_9g42610, At1g73360, HB-HD-ZIP
Csa16g036070, CsSunV4_16g29320-mRNA-1, CsSunV4_16g29320, At1g73360, HB-HD-ZIP
Csa07g040980, CsSunV4_7g33840-mRNA-1, CsSunV4_7g33840, At1g73730, EIL
Csa09g078290, CsSunV4_9g43020-mRNA-1, CsSunV4_9g43020, At1g73730, EIL
Csa16g036550, CsSunV4_16g29940-mRNA-1, CsSunV4_16g29940, At1g73730, EIL
Csa07g045660, CsSunV4_7g34820-mRNA-1, CsSunV4_7g34820, At1g74250, C2H2
Csa09g078840, CsSunV4_9g43700-mRNA-1, CsSunV4_9g43700, At1g74250, C2H2
Csa16g038190, CsSunV4_16g30750-mRNA-1, CsSunV4_16g30750, At1g74250, C2H2
Csa07g045890, CsSunV4_7g35110-mRNA-1, CsSunV4_7g35110, At1g74480, RWP-RK
Csa09g079070, CsSunV4_9g43920-mRNA-1, CsSunV4_9g43920, At1g74480, RWP-RK
Csa16g038430, CsSunV4_16g30970-mRNA-1, CsSunV4_16g30970, At1g74480, RWP-RK
Csa07g046380, CsSunV4_7g35650-mRNA-1, CsSunV4_7g35650, At1g74950, Tify
Csa07g046530, CsSunV4_7g35860-mRNA-1, CsSunV4_7g35860, At1g75080, BES1
Csa16g039000, CsSunV4_16g31670-mRNA-1, CsSunV4_16g31670, At1g75080, BES1
Csa07g046810, CsSunV4_7g36490-mRNA-1, CsSunV4_7g36490, At1g75340, C3H
Csa09g079950, CsSunV4_9g44840-mRNA-1, CsSunV4_9g44840, At1g75340, C3H
Csa16g039240, CsSunV4_16g31970-mRNA-1, CsSunV4_16g31970, At1g75340, C3H
Csa07g048650, CsSunV4_7g38500-mRNA-1, CsSunV4_7g38500, At1g77080, MADS
Csa16g041240, CsSunV4_16g33880-mRNA-1, CsSunV4_16g33880, At1g77080, MADS-M-type
Csa09g083920, CsSunV4_9g46950-mRNA-1, CsSunV4_9g46950, At1g77200, AP2/ERF-ERF
Csa16g041380, CsSunV4_16g34020-mRNA-1, CsSunV4_16g34020, At1g77200, AP2/ERF-AP2
Csa09g084040, CsSunV4_9g47090-mRNA-1, CsSunV4_9g47090, At1g77300, SET
Csa16g041480, CsSunV4_16g34140-mRNA-1, CsSunV4_16g34140, At1g77300, SET
Csa07g050260, CsSunV4_7g39120-mRNA-1, CsSunV4_7g39120, At1g77580, HSF
Csa09g084370, CsSunV4_9g47420-mRNA-1, CsSunV4_9g47420, At1g77580, HSF
Csa16g041770, CsSunV4_16g34460-mRNA-1, CsSunV4_16g34460, At1g77580, HSF
Csa07g050940, CsSunV4_7g39820-mRNA-1, CsSunV4_7g39820, At1g78280, Jumonji
Csa09g085070, CsSunV4_9g48050-mRNA-1, CsSunV4_9g48050, At1g78280, Jumonji
Csa16g042530, CsSunV4_16g35180-mRNA-1, CsSunV4_16g35180, At1g78280, Jumonji
Csa09g092630, CsSunV4_9g54260-mRNA-1, CsSunV4_9g54260, At1g78540, STAT
Csa16g048110, CsSunV4_16g41460-mRNA-1, CsSunV4_16g41460, At1g78540, STAT
Csa09g093850, CsSunV4_9g55630-mRNA-1, CsSunV4_9g55630, At1g79580, NAC
Csa16g049230, CsSunV4_16g42620-mRNA-1, CsSunV4_16g42620, At1g79580, NAC
Csa07g059890, CsSunV4_7g48710-mRNA-1, CsSunV4_7g48710, At1g79960, OFP
Csa09g095050, CsSunV4_9g56810-mRNA-1, CsSunV4_9g56810, At1g79960, OFP
Csa16g050530, CsSunV4_16g43970-mRNA-1, CsSunV4_16g43970, At1g79960, OFP
Csa09g095030, CsSunV4_9g56790-mRNA-1, CsSunV4_9g56790, At1g80010, FAR1
Csa09g094080, CsSunV4_9g55860-mRNA-1, CsSunV4_9g55860, At1g80850, TF?
Csa04g006460, CsSunV4_4g01820-mRNA-1, CsSunV4_4g01820, At2g02040, MYB-related
Csa09g004790, CsSunV4_9g02560-mRNA-1, CsSunV4_9g02560, At2g02470, Alfin-like
Csa04g008330, CsSunV4_4g03070-mRNA-1, CsSunV4_4g03070, At2g02820, MYB
Csa06g002830, CsSunV4_6g02200-mRNA-1, CsSunV4_6g02200, At2g02820, MYB
Csa06g004330, CsSunV4_6g02900-mRNA-1, CsSunV4_6g02900, At2g03340, WRKY
Csa09g005670, CsSunV4_9g03820-mRNA-1, CsSunV4_9g03820, At2g03340, WRKY
Csa01g036700, CsSunV4_1g34250-mRNA-1, CsSunV4_1g34250, At2g04880, WRKY
Csa19g040120, CsSunV4_19g32630-mRNA-1, CsSunV4_19g32630, At2g04880, WRKY
Csa01g036710, CsSunV4_1g34260-mRNA-1, CsSunV4_1g34260, At2g04890, GRAS
Csa15g057060, CsSunV4_15g35460-mRNA-1, CsSunV4_15g35460, At2g04890, GRAS
Csa19g040130, CsSunV4_19g32640-mRNA-1, CsSunV4_19g32640, At2g04890, GRAS
Csa19g040770, CsSunV4_19g33320-mRNA-1, CsSunV4_19g33320, At2g06020, G2-like
Csa15g059710, CsSunV4_15g36380-mRNA-1, CsSunV4_15g36380, At2g06200, GRF
Csa01g035540, CsSunV4_1g32710-mRNA-1, CsSunV4_1g32710, At2g14760, bHLH
Csa15g069940, CsSunV4_15g38930-mRNA-1, CsSunV4_15g38930, At2g14760, bHLH
Csa19g045040, CsSunV4_19g35530-mRNA-1, CsSunV4_19g35530, At2g14760, bHLH
Csa01g034660, CsSunV4_1g31460-mRNA-1, CsSunV4_1g31460, At2g16400, Homeobox
Csa15g072210, CsSunV4_15g40700-mRNA-1, CsSunV4_15g40700, At2g16400, Homeobox
Csa19g050990, CsSunV4_19g39200-mRNA-1, CsSunV4_19g39200, At2g16400, Homeobox
Csa19g053930, CsSunV4_19g40620-mRNA-1, CsSunV4_19g40620, At2g17150, RWP-RK
Csa01g039770, CsSunV4_1g35900-mRNA-1, CsSunV4_1g35900, At2g17870, CSD
Csa15g076310, CsSunV4_15g43490-mRNA-1, CsSunV4_15g43490, At2g17870, CSD
Csa19g054830, CsSunV4_19g41680-mRNA-1, CsSunV4_19g41680, At2g17870, CSD
Csa01g041250, CsSunV4_1g36950-mRNA-1, CsSunV4_1g36950, At2g18120, SRS
Csa15g076610, CsSunV4_15g43930-mRNA-1, CsSunV4_15g43930, At2g18120, SRS
Csa19g057710, CsSunV4_19g42750-mRNA-1, CsSunV4_19g42750, At2g18120, SRS
Csa01g041630, CsSunV4_1g37370-mRNA-1, CsSunV4_1g37370, At2g18490, C2H2
Csa15g078130, CsSunV4_15g44660-mRNA-1, CsSunV4_15g44660, At2g18490, C2H2
Csa19g058110, CsSunV4_19g43250-mRNA-1, CsSunV4_19g43250, At2g18490, C2H2
Csa19g048570, CsSunV4_19g37190-mRNA-1, CsSunV4_19g37190, At2g20280, C3H
Csa01g043960, CsSunV4_1g39610-mRNA-1, CsSunV4_1g39610, At2g20400, G2-like
Csa19g048360, CsSunV4_19g36950-mRNA-1, CsSunV4_19g36950, At2g20400, G2-like
Csa15g082270, CsSunV4_15g46330-mRNA-1, CsSunV4_15g46330, At2g20680, NO TFs
Csa07g051420, CsSunV4_7g40400-mRNA-1, CsSunV4_7g40400, At2g21230, bZIP
Csa07g052010, CsSunV4_7g41060-mRNA-1, CsSunV4_7g41060, At2g21900, WRKY
Csa09g086620, CsSunV4_9g49650-mRNA-1, CsSunV4_9g49650, At2g22300, CAMTA
Csa16g044040, CsSunV4_16g36910-mRNA-1, CsSunV4_16g36910, At2g22300, CAMTA
Csa07g053360, CsSunV4_7g42600-mRNA-1, CsSunV4_7g42600, At2g23320, WRKY
Csa07g053730, CsSunV4_7g42980-mRNA-1, CsSunV4_7g42980, At2g23740, SET
Csa09g087910, CsSunV4_9g51190-mRNA-1, CsSunV4_9g51190, At2g23740, C2H2
Csa16g045410, CsSunV4_16g38490-mRNA-1, CsSunV4_16g38490, At2g23740, C2H2
Csa09g087930, CsSunV4_9g51210-mRNA-1, CsSunV4_9g51210, At2g23760, Homeobox
Csa16g045430, CsSunV4_16g38510-mRNA-1, CsSunV4_16g38510, At2g23760, Homeobox
Csa16g046290, CsSunV4_16g39500-mRNA-1, CsSunV4_16g39500, At2g24640, B3
Csa09g090020, CsSunV4_9g52520-mRNA-1, CsSunV4_9g52520, At2g24790, C2C2-CO-like
Csa07g054920, CsSunV4_7g44450-mRNA-1, CsSunV4_7g44450, At2g24830, C3H
Csa09g090080, CsSunV4_9g52590-mRNA-1, CsSunV4_9g52590, At2g24830, C3H
Csa16g046530, CsSunV4_16g39800-mRNA-1, CsSunV4_16g39800, At2g24830, C3H
Csa07g054930, CsSunV4_7g44460-mRNA-1, CsSunV4_7g44460, At2g24840, MADS-M-type
Csa09g090090, CsSunV4_9g52600-mRNA-1, CsSunV4_9g52600, At2g24840, MADS-M-type
Csa16g046540, CsSunV4_16g39810-mRNA-1, CsSunV4_16g39810, At2g24840, MADS-M-type
Csa07g056680, CsSunV4_7g45220-mRNA-1, CsSunV4_7g45220, At2g25650, GeBP
Csa09g091840, CsSunV4_9g53440-mRNA-1, CsSunV4_9g53440, At2g25650, GeBP
Csa16g047290, CsSunV4_16g40580-mRNA-1, CsSunV4_16g40580, At2g25650, GeBP
Csa07g057130, CsSunV4_7g45730-mRNA-1, CsSunV4_7g45730, At2g26150, HSF
Csa09g092310, CsSunV4_9g53890-mRNA-1, CsSunV4_9g53890, At2g26150, HSF
Csa07g016220, CsSunV4_7g14360-mRNA-1, CsSunV4_7g14360, At2g28350, B3-ARF
Csa05g038150, CsSunV4_5g27960-mRNA-1, CsSunV4_5g27960, At2g28450, C3H
Csa16g016700, CsSunV4_16g13190-mRNA-1, CsSunV4_16g13190, At2g28450, C3H
Csa05g035690, CsSunV4_5g27350-mRNA-1, CsSunV4_5g27350, At2g28700, MADS-M-type
Csa07g015790, CsSunV4_7g13850-mRNA-1, CsSunV4_7g13850, At2g28700, MADS-M-type
Csa16g016330, CsSunV4_16g12810-mRNA-1, CsSunV4_16g12810, At2g28700, MADS-M-type
Csa05g030060, CsSunV4_5g22920-mRNA-1, CsSunV4_5g22920, At2g31240, TF?
Csa07g011650, CsSunV4_7g10100-mRNA-1, CsSunV4_7g10100, At2g31240, TF?
Csa16g012380, CsSunV4_16g09200-mRNA-1, CsSunV4_16g09200, At2g31240, TF?
Csa05g029910, CsSunV4_5g22800-mRNA-1, CsSunV4_5g22800, At2g31310, LOB
Csa07g011560, CsSunV4_7g09990-mRNA-1, CsSunV4_7g09990, At2g31310, LOB
Csa16g010970, CsSunV4_16g09070-mRNA-1, CsSunV4_16g09070, At2g31310, LOB
Csa07g011490, CsSunV4_7g09910-mRNA-1, CsSunV4_7g09910, At2g31370, bZIP
Csa16g012020, CsSunV4_16g08980-mRNA-1, CsSunV4_16g08980, At2g31370, bZIP
Csa07g010480, CsSunV4_7g08740-mRNA-3, CsSunV4_7g08740, At2g32250, FAR1
Csa05g024590, CsSunV4_5g21170-mRNA-1, CsSunV4_5g21170, At2g32300, TFs?
Csa05g023660, CsSunV4_5g20040-mRNA-1, CsSunV4_5g20040, At2g32930, C3H
Csa05g023630, CsSunV4_5g20000-mRNA-1, CsSunV4_5g20000, At2g32960, Orphan
Csa07g008600, CsSunV4_7g07570-mRNA-1, CsSunV4_7g07570, At2g32960, Orphan
Csa16g008390, CsSunV4_16g06890-mRNA-1, CsSunV4_16g06890, At2g32960, Orphan
Csa05g023480, CsSunV4_5g19810-mRNA-1, CsSunV4_5g19810, At2g33060, Orphan
Csa05g021440, CsSunV4_5g18560-mRNA-1, CsSunV4_5g18560, At2g33835, C3H
Csa16g007280, CsSunV4_16g05780-mRNA-1, CsSunV4_16g05780, At2g33835, C3H
Csa04g046690, CsSunV4_4g33100-mRNA-1, CsSunV4_4g33100, At2g34440, MADS-M-type
Csa05g020830, CsSunV4_5g17970-mRNA-1, CsSunV4_5g17970, At2g34440, MADS-M-type
Csa06g036880, CsSunV4_6g30030-mRNA-1, CsSunV4_6g30030, At2g34440, MADS-M-type
Csa04g047110, CsSunV4_4g33530-mRNA-1, CsSunV4_4g33530, At2g34830, WRKY
Csa05g020390, CsSunV4_5g17460-mRNA-1, CsSunV4_5g17460, At2g34830, WRKY
Csa06g037310, CsSunV4_6g30460-mRNA-1, CsSunV4_6g30460, At2g34830, WRKY
Csa06g038270, CsSunV4_6g31410-mRNA-1, CsSunV4_6g31410, At2g35700, AP2/ERF-ERF
Csa05g018150, CsSunV4_5g15790-mRNA-1, CsSunV4_5g15790, At2g35940, Homeobox
Csa06g038570, CsSunV4_6g31740-mRNA-1, CsSunV4_6g31740, At2g35940, Homeobox
Csa05g018090, CsSunV4_5g15730-mRNA-1, CsSunV4_5g15730, At2g36010, E2F-DP
Csa06g038630, CsSunV4_6g31800-mRNA-1, CsSunV4_6g31800, At2g36010, E2F-DP
Csa04g049900, CsSunV4_4g35440-mRNA-1, CsSunV4_4g35440, At2g36400, GRF
Csa05g017650, CsSunV4_5g15270-mRNA-1, CsSunV4_5g15270, At2g36400, GRF
Csa04g049960, CsSunV4_4g35500-mRNA-1, CsSunV4_4g35500, At2g36460, FRUCTOSE-BISPHOSPHATE ALDOLASE 6
Csa05g017580, CsSunV4_5g15200-mRNA-1, CsSunV4_5g15200, At2g36460, FRUCTOSE-BISPHOSPHATE ALDOLASE 6
Csa06g039080, CsSunV4_6g32300-mRNA-1, CsSunV4_6g32300, At2g36460, AP2/ERF-ERF
Csa04g050130, CsSunV4_4g35650-mRNA-1, CsSunV4_4g35650, At2g36610, HB
Csa05g017440, CsSunV4_5g15030-mRNA-1, CsSunV4_5g15030, At2g36610, HB
Csa06g039230, CsSunV4_6g32410-mRNA-1, CsSunV4_6g32410, At2g36610, HB
Csa04g050490, CsSunV4_4g36120-mRNA-1, CsSunV4_4g36120, At2g36960, MYB-related
Csa05g016890, CsSunV4_5g14440-mRNA-1, CsSunV4_5g14440, At2g36960, MYB-related
Csa04g050630, CsSunV4_4g36270-mRNA-1, CsSunV4_4g36270, At2g37060, CCAAT-HAP3
Csa05g016790, CsSunV4_5g14290-mRNA-1, CsSunV4_5g14290, At2g37060, CCAAT-HAP3
Csa04g051280, CsSunV4_4g36940-mRNA-1, CsSunV4_4g36940, At2g37650, GRAS
Csa05g016030, CsSunV4_5g13640-mRNA-1, CsSunV4_5g13640, At2g37650, GRAS
Csa06g040410, CsSunV4_6g33560-mRNA-1, CsSunV4_6g33560, At2g37650, GRAS
Csa04g051380, CsSunV4_4g37040-mRNA-1, CsSunV4_4g37040, At2g37740, C2H2
Csa06g040510, CsSunV4_6g33660-mRNA-1, CsSunV4_6g33660, At2g37740, C2H2
Csa06g041320, CsSunV4_6g34520-mRNA-1, CsSunV4_6g34520, At2g38470, WRKY
Csa05g014420, CsSunV4_5g11850-mRNA-2, CsSunV4_5g11850, At2g38880, CCAAT-HAP3
Csa05g013080, CsSunV4_5g10230-mRNA-1, CsSunV4_5g10230, At2g39880, MYB
Csa04g054400, CsSunV4_4g40290-mRNA-3, CsSunV4_4g40290, At2g40140, C3H
Csa05g012690, CsSunV4_5g09770-mRNA-1, CsSunV4_5g09770, At2g40140, C3H
Csa05g012550, CsSunV4_5g09600-mRNA-1, CsSunV4_5g09600, At2g40260, G2-like
Csa06g044610, CsSunV4_6g37020-mRNA-1, CsSunV4_6g37020, At2g40260, G2-like
Csa06g045050, CsSunV4_6g37530-mRNA-1, CsSunV4_6g37530, At2g40620, bZIP
Csa04g055090, CsSunV4_4g41070-mRNA-1, CsSunV4_4g41070, At2g40740, WRKY
Csa05g011970, CsSunV4_5g08910-mRNA-1, CsSunV4_5g08910, At2g40740, WRKY
Csa06g045170, CsSunV4_6g37630-mRNA-1, CsSunV4_6g37630, At2g40740, WRKY
Csa04g055660, CsSunV4_4g41650-mRNA-1, CsSunV4_4g41650, At2g41240, bHLH
Csa04g056170, CsSunV4_4g42290-mRNA-1, CsSunV4_4g42290, At2g41710, AP2-EREBP
Csa05g009930, CsSunV4_5g07670-mRNA-1, CsSunV4_5g07670, At2g41710, AP2-EREBP
Csa06g047660, CsSunV4_6g38830-mRNA-1, CsSunV4_6g38830, At2g41710, AP2-EREBP
Csa04g060890, CsSunV4_4g44440-mRNA-1, CsSunV4_4g44440, At2g43280, FAR1
Csa05g007190, CsSunV4_5g05630-mRNA-1, CsSunV4_5g05630, At2g43280, FAR1
Csa06g049730, CsSunV4_6g40940-mRNA-1, CsSunV4_6g40940, At2g43500, RWP-RK
Csa04g062260, CsSunV4_4g45840-mRNA-1, CsSunV4_4g45840, At2g44430, MYB-related
Csa04g062580, CsSunV4_4g46240-mRNA-1, CsSunV4_4g46240, At2g44730, Trihelix
Csa05g005540, CsSunV4_5g03980-mRNA-1, CsSunV4_5g03980, At2g44730, Trihelix
Csa06g051080, CsSunV4_6g42460-mRNA-1, CsSunV4_6g42460, At2g44730, Trihelix
Csa04g062770, CsSunV4_4g46490-mRNA-1, CsSunV4_4g46490, At2g44900, F box
Csa05g004370, CsSunV4_5g03740-mRNA-1, CsSunV4_5g03740, At2g44900, B3
Csa06g051290, CsSunV4_6g42680-mRNA-1, CsSunV4_6g42680, At2g44900, B3
Csa04g063090, CsSunV4_4g46780-mRNA-1, CsSunV4_4g46780, At2g45190, C2C2-YABBY
Csa05g004070, CsSunV4_5g03400-mRNA-1, CsSunV4_5g03400, At2g45190, C2C2-YABBY
Csa05g003860, CsSunV4_5g03220-mRNA-1, CsSunV4_5g03220, At2g45420, LOB
Csa06g051800, CsSunV4_6g43280-mRNA-1, CsSunV4_6g43280, At2g45420, LOB
Csa04g063400, CsSunV4_4g47090-mRNA-1, CsSunV4_4g47090, At2g45480, GRF
Csa05g003800, CsSunV4_5g03140-mRNA-1, CsSunV4_5g03140, At2g45480, GRF
Csa04g065080, CsSunV4_4g47800-mRNA-1, CsSunV4_4g47800, At2g46040, ARID
Csa05g003160, CsSunV4_5g02390-mRNA-1, CsSunV4_5g02390, At2g46040, ARID
Csa06g052480, CsSunV4_6g44100-mRNA-1, CsSunV4_6g44100, At2g46040, ARID
Csa04g065310, CsSunV4_4g48080-mRNA-1, CsSunV4_4g48080, At2g46270, bZIP
Csa05g002940, CsSunV4_5g02130-mRNA-1, CsSunV4_5g02130, At2g46270, bZIP
Csa06g052710, CsSunV4_6g44380-mRNA-1, CsSunV4_6g44380, At2g46270, bZIP
Csa04g065920, CsSunV4_4g48720-mRNA-1, CsSunV4_4g48720, At2g46790, Pseudo ARR-B
Csa05g002370, CsSunV4_5g01500-mRNA-1, CsSunV4_5g01500, At2g46790, Pseudo ARR-B
Csa06g053300, CsSunV4_6g45070-mRNA-1, CsSunV4_6g45070, At2g46790, Pseudo ARR-B
Csa04g066000, CsSunV4_4g48790-mRNA-1, CsSunV4_4g48790, At2g46870, B3
Csa05g002280, CsSunV4_5g01420-mRNA-1, CsSunV4_5g01420, At2g46870, B3
Csa06g053640, CsSunV4_6g45420-mRNA-1, CsSunV4_6g45420, At2g47090, SR1
Csa04g067770, CsSunV4_4g49660-mRNA-1, CsSunV4_4g49660, At2g47620, MYB-related
Csa06g054150, CsSunV4_6g46040-mRNA-1, CsSunV4_6g46040, At2g47620, SWI3A, SWITCH/SUCROSE NONFERMENTING 3A
Csa04g067970, CsSunV4_4g49900-mRNA-1, CsSunV4_4g49900, At2g47900, TUB
Csa06g054410, CsSunV4_6g46310-mRNA-1, CsSunV4_6g46310, At2g47900, TUB
Csa10g042450, CsSunV4_10g38120-mRNA-1, CsSunV4_10g38120, At3g01600, NAC
Csa19g001330, CsSunV4_19g00480-mRNA-1, CsSunV4_19g00480, At3g01600, NAC
Csa01g003150, CsSunV4_1g02350-mRNA-1, CsSunV4_1g02350, At3g03450, GRAS
Csa19g005580, CsSunV4_19g03050-mRNA-1, CsSunV4_19g03050, At3g03450, GRAS
Csa01g003350, CsSunV4_1g02570-mRNA-1, CsSunV4_1g02570, At3g03660, HB-WOX
Csa15g003480, CsSunV4_15g03370-mRNA-1, CsSunV4_15g03370, At3g03660, HB-WOX
Csa19g005790, CsSunV4_19g03300-mRNA-1, CsSunV4_19g03300, At3g03660, HB-WOX
Csa01g004820, CsSunV4_1g03170-mRNA-1, CsSunV4_1g03170, At3g04030, G2-like
Csa15g003940, CsSunV4_15g03940-mRNA-1, CsSunV4_15g03940, At3g04060, NAC
Csa19g006270, CsSunV4_19g03770-mRNA-1, CsSunV4_19g03770, At3g04060, NAC
Csa15g005310, CsSunV4_15g04320-mRNA-1, CsSunV4_15g04320, At3g04450, G2-like
Csa15g005840, CsSunV4_15g04820-mRNA-1, CsSunV4_15g04820, At3g04850, CPP
Csa01g007400, CsSunV4_1g05830-mRNA-1, CsSunV4_1g05830, At3g06380, TUB
Csa01g007430, CsSunV4_1g05860-mRNA-1, CsSunV4_1g05860, At3g06410, C3H
Csa15g007970, CsSunV4_15g06930-mRNA-1, CsSunV4_15g06930, At3g06410, C3H
Csa01g008520, CsSunV4_1g07310-mRNA-1, CsSunV4_1g07310, At3g07500, FAR1
Csa15g009230, CsSunV4_15g08320-mRNA-1, CsSunV4_15g08320, At3g07500, FAR1
Csa19g011260, CsSunV4_19g08110-mRNA-1, CsSunV4_19g08110, At3g07500, FAR1
Csa01g008680, CsSunV4_1g07500-mRNA-1, CsSunV4_1g07500, At3g07610, Jumonji
Csa19g011390, CsSunV4_19g08230-mRNA-1, CsSunV4_19g08230, At3g07610, Jumonji
Csa01g008770, CsSunV4_1g07590-mRNA-1, CsSunV4_1g07590, At3g07710, GeBP
Csa15g009460, CsSunV4_15g08510-mRNA-1, CsSunV4_15g08510, At3g07710, GeBP
Csa19g011480, CsSunV4_19g08320-mRNA-7, CsSunV4_19g08320, At3g07710, GeBP
Csa01g008800, CsSunV4_1g07620-mRNA-1, CsSunV4_1g07620, At3g07740, MYB-related
Csa19g011510, CsSunV4_19g08350-mRNA-1, CsSunV4_19g08350, At3g07740, MYB-related
Csa15g010490, CsSunV4_15g09630-mRNA-1, CsSunV4_15g09630, At3g09110, Orphan
Csa19g012570, CsSunV4_19g09480-mRNA-1, CsSunV4_19g09480, At3g09110, Orphan
Csa01g009950, CsSunV4_1g08780-mRNA-1, CsSunV4_1g08780, At3g09230, MYB-related
Csa15g012500, CsSunV4_15g10670-mRNA-1, CsSunV4_15g10670, At3g10030, Trihelix
Csa01g012120, CsSunV4_1g11080-mRNA-1, CsSunV4_1g11080, At3g11100, Trihelix
Csa15g014780, CsSunV4_15g12350-mRNA-1, CsSunV4_15g12350, At3g11100, Trihelix
Csa19g015140, CsSunV4_19g12450-mRNA-1, CsSunV4_19g12450, At3g11100, Trihelix
Csa01g012230, CsSunV4_1g11230-mRNA-1, CsSunV4_1g11230, At3g11200, Alfin-like
Csa01g012320, CsSunV4_1g11310-mRNA-1, CsSunV4_1g11310, At3g11280, MYB-related
Csa19g015330, CsSunV4_19g12640-mRNA-1, CsSunV4_19g12640, At3g11280, MYB-related
Csa15g016010, CsSunV4_15g13750-mRNA-1, CsSunV4_15g13750, At3g12130, C3H
Csa01g013550, CsSunV4_1g12520-mRNA-1, CsSunV4_1g12520, At3g12480, CCAAT-HAP5
Csa15g016340, CsSunV4_15g14040-mRNA-1, CsSunV4_15g14040, At3g12480, CCAAT-HAP5
Csa19g016710, CsSunV4_19g14010-mRNA-1, CsSunV4_19g14010, At3g12480, CCAAT-HAP5
Csa15g016630, CsSunV4_15g14300-mRNA-1, CsSunV4_15g14300, At3g12680, C3H
Csa19g016890, CsSunV4_19g14260-mRNA-1, CsSunV4_19g14260, At3g12680, C3H
Csa01g013950, CsSunV4_1g12950-mRNA-1, CsSunV4_1g12950, At3g12820, MYB-related
Csa15g016780, CsSunV4_15g14450-mRNA-1, CsSunV4_15g14450, At3g12820, MYB-related
Csa19g017040, CsSunV4_19g14420-mRNA-1, CsSunV4_19g14420, At3g12820, MYB-related
Csa19g017290, CsSunV4_19g14680-mRNA-1, CsSunV4_19g14680, At3g13040, G2-like
Csa01g016410, CsSunV4_1g14560-mRNA-1, CsSunV4_1g14560, At3g13960, GRF
Csa19g020540, CsSunV4_19g16050-mRNA-1, CsSunV4_19g16050, At3g13960, GRF
Csa01g016690, CsSunV4_1g14820-mRNA-1, CsSunV4_1g14820, At3g14180, Trihelix
Csa15g019750, CsSunV4_15g17910-mRNA-1, CsSunV4_15g17910, At3g15270, SBP
Csa19g021980, CsSunV4_19g17560-mRNA-1, CsSunV4_19g17560, At3g15270, SBP
Csa15g022980, CsSunV4_15g20470-mRNA-1, CsSunV4_15g20470, At3g16940, CAMTA
Csa19g023880, CsSunV4_19g19600-mRNA-1, CsSunV4_19g19600, At3g16940, CAMTA
Csa01g020850, CsSunV4_1g19000-mRNA-1, CsSunV4_1g19000, At3g18100, MYB
Csa15g024480, CsSunV4_15g21950-mRNA-1, CsSunV4_15g21950, At3g18100, MYB
Csa19g025350, CsSunV4_19g21180-mRNA-1, CsSunV4_19g21180, At3g18100, MYB
Csa19g025770, CsSunV4_19g21580-mRNA-1, CsSunV4_19g21580, At3g18380, HB-other
Csa01g022220, CsSunV4_1g20620-mRNA-1, CsSunV4_1g20620, At3g19210, SNF2
Csa15g026930, CsSunV4_15g23580-mRNA-1, CsSunV4_15g23580, At3g19210, SNF2
Csa19g026720, CsSunV4_19g22590-mRNA-1, CsSunV4_19g22590, At3g19210, SNF2
Csa19g026890, CsSunV4_19g22780-mRNA-1, CsSunV4_19g22780, At3g19360, C3H
Csa01g022540, CsSunV4_1g20930-mRNA-1, CsSunV4_1g20930, At3g19500, bHLH
Csa19g027040, CsSunV4_19g22920-mRNA-1, CsSunV4_19g22920, At3g19500, bHLH
Csa01g023820, CsSunV4_1g22340-mRNA-1, CsSunV4_1g22340, At3g20750, C2C2-Gata
Csa15g031100, CsSunV4_15g25910-mRNA-1, CsSunV4_15g25910, At3g20750, C2C2-Gata
Csa19g028720, CsSunV4_19g24560-mRNA-1, CsSunV4_19g24560, At3g20750, C2C2-Gata
Csa01g023840, CsSunV4_1g22360-mRNA-1, CsSunV4_1g22360, At3g20770, EIL
Csa01g023920, CsSunV4_1g22470-mRNA-1, CsSunV4_1g22470, At3g20840, AP2-EREBP
Csa15g031200, CsSunV4_15g26030-mRNA-1, CsSunV4_15g26030, At3g20840, AP2-EREBP
Csa19g028820, CsSunV4_19g24660-mRNA-1, CsSunV4_19g24660, At3g20840, AP2-EREBP
Csa01g023970, CsSunV4_1g22510-mRNA-1, CsSunV4_1g22510, At3g20880, C2H2
Csa15g031250, CsSunV4_15g26080-mRNA-1, CsSunV4_15g26080, At3g20880, C2H2
Csa19g028870, CsSunV4_19g24710-mRNA-1, CsSunV4_19g24710, At3g20880, C2H2
Csa01g024000, CsSunV4_1g22540-mRNA-1, CsSunV4_1g22540, At3g20910, NF-YA
Csa15g031280, CsSunV4_15g26120-mRNA-1, CsSunV4_15g26120, At3g20910, NF-YA
Csa15g032410, CsSunV4_15g27490-mRNA-1, CsSunV4_15g27490, At3g21820, SET
Csa19g031030, CsSunV4_19g26000-mRNA-1, CsSunV4_19g26000, At3g21820, SET
Csa01g025310, CsSunV4_1g23920-mRNA-1, CsSunV4_1g23920, At3g22100, bHLH
Csa15g034670, CsSunV4_15g28000-mRNA-1, CsSunV4_15g28000, At3g22100, bHLH
Csa19g031290, CsSunV4_19g26300-mRNA-1, CsSunV4_19g26300, At3g22100, bHLH
Csa01g025820, CsSunV4_1g24460-mRNA-1, CsSunV4_1g24460, At3g22590, GNAT
Csa15g038230, CsSunV4_15g28780-mRNA-1, CsSunV4_15g28780, At3g22590, GNAT
Csa19g031810, CsSunV4_19g27100-mRNA-1, CsSunV4_19g27100, At3g22590, GNAT
Csa01g027650, CsSunV4_1g25300-mRNA-1, CsSunV4_1g25300, At3g23140, C2H2
Csa15g043030, CsSunV4_15g29830-mRNA-1, CsSunV4_15g29830, At3g23140, C2H2
Csa19g033520, CsSunV4_19g28020-mRNA-1, CsSunV4_19g28020, At3g23140, C2H2
Csa01g030320, CsSunV4_1g27330-mRNA-1, CsSunV4_1g27330, At3g24340, SNF2
Csa15g049970, CsSunV4_15g32720-mRNA-1, CsSunV4_15g32720, At3g24340, SNF2
Csa19g036220, CsSunV4_19g30150-mRNA-1, CsSunV4_19g30150, At3g24340, SNF2
Csa01g030470, CsSunV4_1g27550-mRNA-1, CsSunV4_1g27550, At3g24490, Trihelix
Csa19g036380, CsSunV4_19g30340-mRNA-1, CsSunV4_19g30340, At3g24490, Trihelix
Csa01g030970, CsSunV4_1g28120-mRNA-1, CsSunV4_1g28120, At3g24860, Trihelix
Csa15g052690, CsSunV4_15g33680-mRNA-1, CsSunV4_15g33680, At3g24860, Trihelix
Csa19g036820, CsSunV4_19g30820-mRNA-1, CsSunV4_19g30820, At3g24860, Trihelix
Csa04g011320, CsSunV4_4g05960-mRNA-1, CsSunV4_4g05960, At3g25990, Trihelix
Csa06g005580, CsSunV4_6g04490-mRNA-1, CsSunV4_6g04490, At3g25990, Trihelix
Csa09g011380, CsSunV4_9g07800-mRNA-1, CsSunV4_9g07800, At3g26744, bHLH
Csa06g006870, CsSunV4_6g06130-mRNA-1, CsSunV4_6g06130, At3g27010, TCP
Csa04g019740, CsSunV4_4g12250-mRNA-1, CsSunV4_4g12250, At3g29340, C2H2
Csa06g012640, CsSunV4_6g09890-mRNA-1, CsSunV4_6g09890, At3g29340, C2H2
Csa09g022900, CsSunV4_9g12880-mRNA-1, CsSunV4_9g12880, At3g29340, C2H2
Csa04g019970, CsSunV4_4g12620-mRNA-1, CsSunV4_4g12620, At3g30210, MYB-related
Csa06g012860, CsSunV4_6g10180-mRNA-1, CsSunV4_6g10180, At3g30210, MYB-related
Csa09g025250, CsSunV4_9g13680-mRNA-1, CsSunV4_9g13680, At3g30210, MYB-related
Csa04g021210, CsSunV4_4g13070-mRNA-1, CsSunV4_4g13070, At3g42790, Alfin-like
Csa06g014130, CsSunV4_6g10680-mRNA-1, CsSunV4_6g10680, At3g42790, Alfin-like
Csa04g022510, CsSunV4_4g13450-mRNA-1, CsSunV4_4g13450, At3g43700, TRAF
Csa06g015460, CsSunV4_6g11100-mRNA-1, CsSunV4_6g11100, At3g43700, TRAF
Csa09g032980, CsSunV4_9g15540-mRNA-1, CsSunV4_9g15540, At3g43700, TRAF
Csa09g034290, CsSunV4_9g16080-mRNA-2, CsSunV4_9g16080, At3g44460, bZIP
Csa06g020380, CsSunV4_6g15130-mRNA-1, CsSunV4_6g15130, At3g46600, GRAS
Csa09g042710, CsSunV4_9g20080-mRNA-1, CsSunV4_9g20080, At3g46600, GRAS
Csa04g033750, CsSunV4_4g20090-mRNA-1, CsSunV4_4g20090, At3g48610, NF-YC
Csa06g022410, CsSunV4_6g17650-mRNA-1, CsSunV4_6g17650, At3g48610, NF-YC
Csa09g050690, CsSunV4_9g23520-mRNA-1, CsSunV4_9g23520, At3g48610, NF-YC
Csa04g033910, CsSunV4_4g20290-mRNA-1, CsSunV4_4g20290, At3g48730, Orphan
Csa06g022540, CsSunV4_6g17770-mRNA-1, CsSunV4_6g17770, At3g48730, Orphan
Csa09g050870, CsSunV4_9g23720-mRNA-1, CsSunV4_9g23720, At3g48730, Orphan
Csa06g024650, CsSunV4_6g20170-mRNA-1, CsSunV4_6g20170, At3g50650, GRAS
Csa04g038010, CsSunV4_4g25020-mRNA-1, CsSunV4_4g25020, At3g52190, MADS-M-type
Csa06g026430, CsSunV4_6g22120-mRNA-1, CsSunV4_6g22120, At3g52190, MADS-M-type
Csa09g059230, CsSunV4_9g29350-mRNA-1, CsSunV4_9g29350, At3g52190, MADS-M-type
Csa04g038070, CsSunV4_4g25080-mRNA-1, CsSunV4_4g25080, At3g52250, MYB
Csa06g026490, CsSunV4_6g22180-mRNA-1, CsSunV4_6g22180, At3g52250, MYB
Csa09g059310, CsSunV4_9g29430-mRNA-1, CsSunV4_9g29430, At3g52250, MYB
Csa04g038300, CsSunV4_4g25370-mRNA-1, CsSunV4_4g25370, At3g52440, C2C2-Dof
Csa06g026770, CsSunV4_6g22440-mRNA-1, CsSunV4_6g22440, At3g52440, C2C2-Dof
Csa09g059550, CsSunV4_9g29760-mRNA-1, CsSunV4_9g29760, At3g52440, C2C2-Dof
Csa04g038310, CsSunV4_4g25380-mRNA-1, CsSunV4_4g25380, At3g52450, Rcd1-like
Csa06g026790, CsSunV4_6g22460-mRNA-1, CsSunV4_6g22460, At3g52450, Rcd1-like
Csa09g059560, CsSunV4_9g29770-mRNA-1, CsSunV4_9g29770, At3g52450, Rcd1-like
Csa04g038830, CsSunV4_4g25930-mRNA-1, CsSunV4_4g25930, At3g52910, GRF
Csa09g061160, CsSunV4_9g30530-mRNA-1, CsSunV4_9g30530, At3g52910, GRF
Csa04g039140, CsSunV4_4g26200-mRNA-1, CsSunV4_4g26200, At3g53200, MYB
Csa06g027640, CsSunV4_6g23360-mRNA-1, CsSunV4_6g23360, At3g53200, MYB
Csa09g061470, CsSunV4_9g30830-mRNA-1, CsSunV4_9g30830, At3g53200, MYB
Csa04g039370, CsSunV4_4g26460-mRNA-1, CsSunV4_4g26460, At3g53340, NF-YB
Csa06g027800, CsSunV4_6g23550-mRNA-1, CsSunV4_6g23550, At3g53340, NF-YB
Csa09g061650, CsSunV4_9g31070-mRNA-1, CsSunV4_9g31070, At3g53340, NF-YB
Csa06g028220, CsSunV4_6g23910-mRNA-1, CsSunV4_6g23910, At3g53750, Orphan
Csa04g039830, CsSunV4_4g26920-mRNA-1, CsSunV4_4g26920, At3g53790, MYB-related
Csa06g028260, CsSunV4_6g23950-mRNA-1, CsSunV4_6g23950, At3g53790, MYB-related
Csa09g062230, CsSunV4_9g31690-mRNA-1, CsSunV4_9g31690, At3g53790, MYB-related
Csa04g039860, CsSunV4_4g26950-mRNA-1, CsSunV4_4g26950, At3g53820, C2H2
Csa06g028290, CsSunV4_6g23980-mRNA-1, CsSunV4_6g23980, At3g53820, C2H2
Csa09g062260, CsSunV4_9g31710-mRNA-1, CsSunV4_9g31710, At3g53820, C2H2
Csa09g062690, CsSunV4_9g32170-mRNA-1, CsSunV4_9g32170, At3g54220, GRAS
Csa04g040360, CsSunV4_4g27440-mRNA-1, CsSunV4_4g27440, At3g54280, SNF2
Csa06g028780, CsSunV4_6g24490-mRNA-1, CsSunV4_6g24490, At3g54280, SNF2
Csa09g062770, CsSunV4_9g32220-mRNA-1, CsSunV4_9g32220, At3g54280, SNF2
Csa04g040400, CsSunV4_4g27480-mRNA-1, CsSunV4_4g27480, At3g54320, AP2-EREBP
Csa09g064030, CsSunV4_9g32600-mRNA-1, CsSunV4_9g32600, At3g54320, AP2-EREBP
Csa04g040460, CsSunV4_4g27550-mRNA-1, CsSunV4_4g27550, At3g54400, NAC
Csa06g028890, CsSunV4_6g24640-mRNA-1, CsSunV4_6g24640, At3g54440, Orphan
Csa09g064140, CsSunV4_9g32690-mRNA-1, CsSunV4_9g32690, At3g54440, Orphan
Csa04g040570, CsSunV4_4g27650-mRNA-1, CsSunV4_4g27650, At3g54460, SNF2
Csa06g028930, CsSunV4_6g24680-mRNA-1, CsSunV4_6g24680, At3g54460, SNF2
Csa09g064170, CsSunV4_9g32720-mRNA-1, CsSunV4_9g32720, At3g54460, SNF2
Csa06g029270, CsSunV4_6g25030-mRNA-1, CsSunV4_6g25030, At3g54810, C2C2-GATA
Csa09g064590, CsSunV4_9g33130-mRNA-1, CsSunV4_9g33130, At3g54810, C2C2-GATA
Csa06g029500, CsSunV4_6g25250-mRNA-1, CsSunV4_6g25250, At3g54990, AP2-EREBP
Csa04g042070, CsSunV4_4g29280-mRNA-1, CsSunV4_4g29280, At3g55730, MYB
Csa09g067790, CsSunV4_9g34760-mRNA-1, CsSunV4_9g34760, At3g55730, MYB
Csa04g042640, CsSunV4_4g29900-mRNA-1, CsSunV4_4g29900, At3g56230, TRAF
Csa06g030940, CsSunV4_6g26770-mRNA-1, CsSunV4_6g26770, At3g56230, TRAF
Csa09g068480, CsSunV4_9g35500-mRNA-1, CsSunV4_9g35500, At3g56230, TRAF
Csa04g043230, CsSunV4_4g30500-mRNA-1, CsSunV4_4g30500, At3g56850, bZIP
Csa09g069250, CsSunV4_9g36310-mRNA-1, CsSunV4_9g36310, At3g56850, bZIP
Csa04g043520, CsSunV4_4g30870-mRNA-1, CsSunV4_4g30870, At3g57130, TRAF
Csa06g032870, CsSunV4_6g27820-mRNA-1, CsSunV4_6g27820, At3g57130, TRAF
Csa09g069600, CsSunV4_9g36680-mRNA-1, CsSunV4_9g36680, At3g57130, TRAF
Csa09g069760, CsSunV4_9g36840-mRNA-1, CsSunV4_9g36840, At3g57300, SNF2
Csa06g033110, CsSunV4_6g28080-mRNA-1, CsSunV4_6g28080, At3g57390, MADS-M-type
Csa04g044470, CsSunV4_4g31820-mRNA-1, CsSunV4_4g31820, At3g57980, MYB-related
Csa06g033790, CsSunV4_6g28820-mRNA-1, CsSunV4_6g28820, At3g57980, MYB-related
Csa09g070530, CsSunV4_9g37670-mRNA-1, CsSunV4_9g37670, At3g57980, MYB-related
Csa07g006690, CsSunV4_7g05590-mRNA-1, CsSunV4_7g05590, At3g59470, FAR1
Csa16g006480, CsSunV4_16g04920-mRNA-1, CsSunV4_16g04920, At3g59470, FAR1
Csa16g006390, CsSunV4_16g04820-mRNA-1, CsSunV4_16g04820, At3g59580, RWP-RK
Csa07g005050, CsSunV4_7g04540-mRNA-1, CsSunV4_7g04540, At3g60030, SBP
Csa16g005850, CsSunV4_16g04130-mRNA-1, CsSunV4_16g04130, At3g60110, MYB-related
Csa07g004390, CsSunV4_7g03750-mRNA-1, CsSunV4_7g03750, At3g60530, C2C2-GATA
Csa05g092480, CsSunV4_5g50880-mRNA-1, CsSunV4_5g50880, At3g60670, PLATZ
Csa07g004260, CsSunV4_7g03600-mRNA-1, CsSunV4_7g03600, At3g60670, PLATZ
Csa16g004230, CsSunV4_16g03490-mRNA-1, CsSunV4_16g03490, At3g60670, PLATZ
Csa07g003260, CsSunV4_7g02620-mRNA-1, CsSunV4_7g02620, At3g61540, WRKY
Csa16g003530, CsSunV4_16g02670-mRNA-1, CsSunV4_16g02670, At3g61540, missing family
Csa05g095020, CsSunV4_5g53980-mRNA-1, CsSunV4_5g53980, At3g62670, GARP-G2-like
Csa07g002010, CsSunV4_7g01220-mRNA-1, CsSunV4_7g01220, At3g62670, GARP-G2-like
Csa16g002020, CsSunV4_16g01120-mRNA-1, CsSunV4_16g01120, At3g62670, GARP-G2-like
Csa02g001100, CsSunV4_2g00140-mRNA-1, CsSunV4_2g00140, At4g00050, bHLH
Csa08g001060, CsSunV4_8g00110-mRNA-1, CsSunV4_8g00110, At4g00050, bHLH
Csa13g057420, CsSunV4_13g43020-mRNA-1, CsSunV4_13g43020, At4g00050, bHLH
Csa08g053490, CsSunV4_8g34380-mRNA-1, CsSunV4_8g34380, At4g01120, bZIP
Csa02g004860, CsSunV4_2g02130-mRNA-1, CsSunV4_2g02130, At4g01735, NAC
Csa08g052780, CsSunV4_8g33560-mRNA-1, CsSunV4_8g33560, At4g01735, NAC
Csa13g055570, CsSunV4_13g40860-mRNA-1, CsSunV4_13g40860, At4g01735, NAC
Csa02g005830, CsSunV4_2g03210-mRNA-1, CsSunV4_2g03210, At4g02560, Homeobox
Csa13g054520, CsSunV4_13g39700-mRNA-1, CsSunV4_13g39700, At4g02640, bZIP
Csa02g009750, CsSunV4_2g05510-mRNA-1, CsSunV4_2g05510, At4g05170, bHLH
Csa08g049370, CsSunV4_8g30980-mRNA-1, CsSunV4_8g30980, At4g05170, bHLH
Csa13g053120, CsSunV4_13g38120-mRNA-1, CsSunV4_13g38120, At4g05170, bHLH
Csa08g043320, CsSunV4_8g26840-mRNA-1, CsSunV4_8g26840, At4g11140, AP2/ERF-ERF
Csa13g048850, CsSunV4_13g35490-mRNA-1, CsSunV4_13g35490, At4g11660, HSF
Csa02g018760, CsSunV4_2g09630-mRNA-1, CsSunV4_2g09630, At4g11670, 
Csa08g043940, CsSunV4_8g27670-mRNA-1, CsSunV4_8g27670, At4g11670, 
Csa13g048840, CsSunV4_13g35500-mRNA-1, CsSunV4_13g35500, At4g11670, HSF
Csa02g015660, CsSunV4_2g08390-mRNA-1, CsSunV4_2g08390, At4g12240, C2H2
Csa08g044520, CsSunV4_8g28460-mRNA-1, CsSunV4_8g28460, At4g12240, C2H2
Csa13g050470, CsSunV4_13g36230-mRNA-1, CsSunV4_13g36230, At4g12240, C2H2
Csa10g036090, CsSunV4_10g35080-mRNA-1, CsSunV4_10g35080, At4g12750, HB
Csa11g042890, CsSunV4_11g37070-mRNA-1, CsSunV4_11g37070, At4g12750, HB-other
Csa12g065340, CsSunV4_12g40010-mRNA-1, CsSunV4_12g40010, At4g12750, HB-other
Csa10g033360, CsSunV4_10g33590-mRNA-1, CsSunV4_10g33590, At4g13480, MYB-related
Csa11g041570, CsSunV4_11g38240-mRNA-1, CsSunV4_11g38240, At4g13480, MYB-related
Csa12g063080, CsSunV4_12g39380-mRNA-1, CsSunV4_12g39380, At4g13480, MYB
Csa10g033180, CsSunV4_10g33330-mRNA-1, CsSunV4_10g33330, At4g13640, G2-like
Csa12g062870, CsSunV4_12g39100-mRNA-1, CsSunV4_12g39100, At4g13640, G2-like
Csa10g031720, CsSunV4_10g31100-mRNA-2, CsSunV4_10g31100, At4g14710, Tify
Csa10g031450, CsSunV4_10g30750-mRNA-1, CsSunV4_10g30750, At4g14910, 
Csa11g036950, CsSunV4_11g34950-mRNA-1, CsSunV4_11g34950, At4g14910, 
Csa12g056730, CsSunV4_12g36650-mRNA-1, CsSunV4_12g36650, At4g14910, 
Csa10g029280, CsSunV4_10g27960-mRNA-1, CsSunV4_10g27960, At4g16430, bHLH
Csa12g051750, CsSunV4_12g33520-mRNA-1, CsSunV4_12g33520, At4g16430, bHLH
Csa10g028440, CsSunV4_10g26900-mRNA-1, CsSunV4_10g26900, At4g17060, Trihelix
Csa11g032620, CsSunV4_11g30290-mRNA-1, CsSunV4_11g30290, At4g17060, Trihelix
Csa12g049690, CsSunV4_12g32230-mRNA-1, CsSunV4_12g32230, At4g17060, Trihelix
Csa10g027670, CsSunV4_10g26020-mRNA-1, CsSunV4_10g26020, At4g17695, G2-like
Csa11g030950, CsSunV4_11g29410-mRNA-1, CsSunV4_11g29410, At4g17695, G2-like
Csa10g027560, CsSunV4_10g25890-mRNA-1, CsSunV4_10g25890, At4g17785, MYB-related
Csa11g030810, CsSunV4_11g29110-mRNA-1, CsSunV4_11g29110, At4g17785, MYB-related
Csa12g046750, CsSunV4_12g31040-mRNA-1, CsSunV4_12g31040, At4g17785, MYB-related
Csa10g027250, CsSunV4_10g25570-mRNA-1, CsSunV4_10g25570, At4g17980, NAC
Csa11g030550, CsSunV4_11g28770-mRNA-1, CsSunV4_11g28770, At4g17980, NAC
Csa12g045480, CsSunV4_12g30610-mRNA-1, CsSunV4_12g30610, At4g17980, NAC
Csa10g025470, CsSunV4_10g24610-mRNA-1, CsSunV4_10g24610, At4g18770, MYB-related
Csa11g028690, CsSunV4_11g27720-mRNA-1, CsSunV4_11g27720, At4g18770, MYB-related
Csa12g043030, CsSunV4_12g29750-mRNA-1, CsSunV4_12g29750, At4g18770, MYB-related
Csa10g024930, CsSunV4_10g24020-mRNA-1, CsSunV4_10g24020, At4g19220, Orphan
Csa11g028130, CsSunV4_11g27040-mRNA-1, CsSunV4_11g27040, At4g19220, Orphan
Csa12g042360, CsSunV4_12g28880-mRNA-1, CsSunV4_12g28880, At4g19220, Orphan
Csa10g024560, CsSunV4_10g23640-mRNA-1, CsSunV4_10g23640, At4g19640, HSF
Csa11g027670, CsSunV4_11g26550-mRNA-1, CsSunV4_11g26550, At4g19640, 
Csa12g041890, CsSunV4_12g28300-mRNA-1, CsSunV4_12g28300, At4g19640, 
Csa10g024540, CsSunV4_10g23620-mRNA-1, CsSunV4_10g23620, At4g19650, mTERF
Csa11g027650, CsSunV4_11g26530-mRNA-1, CsSunV4_11g26530, At4g19650, mTERF
Csa12g041870, CsSunV4_12g28290-mRNA-1, CsSunV4_12g28290, At4g19650, mTERF
Csa11g026250, CsSunV4_11g25850-mRNA-1, CsSunV4_11g25850, At4g19990, FAR1
Csa12g039390, CsSunV4_12g27340-mRNA-1, CsSunV4_12g27340, At4g19990, FAR1
Csa11g025840, CsSunV4_11g25430-mRNA-1, CsSunV4_11g25430, At4g20380, C2C2-LSD
Csa12g038910, CsSunV4_12g26760-mRNA-1, CsSunV4_12g26760, At4g20380, C2C2-LSD
Csa10g022390, CsSunV4_10g22320-mRNA-1, CsSunV4_10g22320, At4g21080, C2C2-Dof
Csa11g025430, CsSunV4_11g24910-mRNA-1, CsSunV4_11g24910, At4g21080, C2C2-Dof
Csa10g022050, CsSunV4_10g22070-mRNA-1, CsSunV4_10g22070, At4g21340, bHLH
Csa11g025110, CsSunV4_11g24590-mRNA-1, CsSunV4_11g24590, At4g21340, bHLH
Csa12g037070, CsSunV4_12g25790-mRNA-1, CsSunV4_12g25790, At4g21340, bHLH
Csa11g021130, CsSunV4_11g20900-mRNA-1, CsSunV4_11g20900, At4g23750, AP2-EREBP
Csa10g019250, CsSunV4_10g18920-mRNA-1, CsSunV4_10g18920, At4g23810, WRKY
Csa11g021070, CsSunV4_11g20800-mRNA-1, CsSunV4_11g20800, At4g23810, WRKY
Csa12g030620, CsSunV4_12g20960-mRNA-1, CsSunV4_12g20960, At4g23810, WRKY
Csa11g020780, CsSunV4_11g20510-mRNA-1, CsSunV4_11g20510, At4g24020, RWP-RK
Csa10g018910, CsSunV4_10g18500-mRNA-1, CsSunV4_10g18500, At4g24150, GRF
Csa11g020630, CsSunV4_11g20330-mRNA-1, CsSunV4_11g20330, At4g24150, GRF
Csa12g030260, CsSunV4_12g20560-mRNA-1, CsSunV4_12g20560, At4g24150, GRF
Csa12g029880, CsSunV4_12g20190-mRNA-1, CsSunV4_12g20190, At4g24470, C2C2-Gata
Csa10g017300, CsSunV4_10g16820-mRNA-1, CsSunV4_10g16820, At4g25610, C2H2
Csa11g018910, CsSunV4_11g18440-mRNA-1, CsSunV4_11g18440, At4g25610, C2H2
Csa12g026550, CsSunV4_12g18700-mRNA-2, CsSunV4_12g18700, At4g25610, C2H2
Csa10g014570, CsSunV4_10g13850-mRNA-1, CsSunV4_10g13850, At4g28110, MYB-related
Csa11g015790, CsSunV4_11g14770-mRNA-1, CsSunV4_11g14770, At4g28110, MYB-related
Csa12g022470, CsSunV4_12g15070-mRNA-1, CsSunV4_12g15070, At4g28110, MYB-related
Csa10g013970, CsSunV4_10g13210-mRNA-1, CsSunV4_10g13210, At4g28640, AUX/IAA
Csa11g014980, CsSunV4_11g13890-mRNA-1, CsSunV4_11g13890, At4g28640, AUX/IAA
Csa12g020840, CsSunV4_12g14280-mRNA-1, CsSunV4_12g14280, At4g28640, AUX/IAA
Csa10g012050, CsSunV4_10g10860-mRNA-1, CsSunV4_10g10860, At4g30480, 
Csa11g012910, CsSunV4_11g11560-mRNA-1, CsSunV4_11g11560, At4g30480, 
Csa12g016690, CsSunV4_12g11510-mRNA-1, CsSunV4_12g11510, At4g30480, 
Csa10g011590, CsSunV4_10g10370-mRNA-1, CsSunV4_10g10370, At4g30935, WRKY
Csa11g012430, CsSunV4_11g11030-mRNA-1, CsSunV4_11g11030, At4g30935, WRKY
Csa12g016180, CsSunV4_12g10930-mRNA-1, CsSunV4_12g10930, At4g30935, WRKY
Csa12g016010, CsSunV4_12g10780-mRNA-1, CsSunV4_12g10780, At4g31060, AP2/ERF-ERF
Csa10g011110, CsSunV4_10g09900-mRNA-1, CsSunV4_10g09900, At4g31420, C2H2
Csa11g011970, CsSunV4_11g10590-mRNA-1, CsSunV4_11g10590, At4g31420, C2H2
Csa12g014680, CsSunV4_12g10440-mRNA-1, CsSunV4_12g10440, At4g31420, C2H2
Csa10g009830, CsSunV4_10g08520-mRNA-1, CsSunV4_10g08520, At4g32570, Tify
Csa11g010670, CsSunV4_11g09180-mRNA-1, CsSunV4_11g09180, At4g32570, Tify
Csa12g013440, CsSunV4_12g09140-mRNA-1, CsSunV4_12g09140, At4g32570, Tify
Csa10g009630, CsSunV4_10g08320-mRNA-1, CsSunV4_10g08320, At4g32730, MYB-related
Csa11g010500, CsSunV4_11g09000-mRNA-1, CsSunV4_11g09000, At4g32730, MYB-related
Csa12g013230, CsSunV4_12g08940-mRNA-1, CsSunV4_12g08940, At4g32730, MYB-related
Csa10g009420, CsSunV4_10g08120-mRNA-1, CsSunV4_10g08120, At4g32890, C2C2-GATA
Csa11g010290, CsSunV4_11g08790-mRNA-1, CsSunV4_11g08790, At4g32890, C2C2-GATA
Csa12g012980, CsSunV4_12g08690-mRNA-1, CsSunV4_12g08690, At4g32890, C2C2-GATA
Csa10g007190, CsSunV4_10g05780-mRNA-1, CsSunV4_10g05780, At4g34990, MYB-related
Csa11g006890, CsSunV4_11g06230-mRNA-1, CsSunV4_11g06230, At4g34990, MYB
Csa12g008640, CsSunV4_12g06100-mRNA-1, CsSunV4_12g06100, At4g34990, MYB-related
Csa10g007140, CsSunV4_10g05720-mRNA-1, CsSunV4_10g05720, At4g35040, bZIP
Csa11g006840, CsSunV4_11g06180-mRNA-1, CsSunV4_11g06180, At4g35040, bZIP
Csa12g008600, CsSunV4_12g06050-mRNA-1, CsSunV4_12g06050, At4g35040, bZIP
Csa10g006570, CsSunV4_10g05110-mRNA-1, CsSunV4_10g05110, At4g35580, NAC
Csa11g006210, CsSunV4_11g05570-mRNA-1, CsSunV4_11g05570, At4g35580, NAC
Csa12g007970, CsSunV4_12g05350-mRNA-1, CsSunV4_12g05350, At4g35580, NAC
Csa10g006560, CsSunV4_10g05090-mRNA-1, CsSunV4_10g05090, At4g35590, RWP-RK
Csa11g006200, CsSunV4_11g05550-mRNA-1, CsSunV4_11g05550, At4g35590, RWP-RK
Csa11g006190, CsSunV4_11g05540-mRNA-1, CsSunV4_11g05540, At4g35600, Orphan
Csa10g006040, CsSunV4_10g04550-mRNA-1, CsSunV4_10g04550, At4g36020, CSD
Csa11g005670, CsSunV4_11g05040-mRNA-1, CsSunV4_11g05040, At4g36020, CSD
Csa12g007380, CsSunV4_12g04670-mRNA-1, CsSunV4_12g04670, At4g36020, CSD
Csa11g005050, CsSunV4_11g04290-mRNA-1, CsSunV4_11g04290, At4g36730, bZIP
Csa12g004740, CsSunV4_12g03940-mRNA-1, CsSunV4_12g03940, At4g36730, bZIP
Csa10g004450, CsSunV4_10g03770-mRNA-1, CsSunV4_10g03770, At4g36780, BES1
Csa11g005010, CsSunV4_11g04240-mRNA-1, CsSunV4_11g04240, At4g36780, BES1
Csa12g004690, CsSunV4_12g03890-mRNA-1, CsSunV4_12g03890, At4g36780, BES1
Csa10g004320, CsSunV4_10g03620-mRNA-1, CsSunV4_10g03620, At4g36870, Homeobox
Csa12g004570, CsSunV4_12g03750-mRNA-1, CsSunV4_12g03750, At4g36870, Homeobox
Csa11g004450, CsSunV4_11g03670-mRNA-1, CsSunV4_11g03670, At4g36930, bHLH
Csa10g003870, CsSunV4_10g03170-mRNA-1, CsSunV4_10g03170, At4g37260, MYB
Csa11g004370, CsSunV4_11g03570-mRNA-1, CsSunV4_11g03570, At4g37260, MYB
Csa12g004120, CsSunV4_12g03210-mRNA-1, CsSunV4_12g03210, At4g37260, MYB
Csa10g003560, CsSunV4_10g02860-mRNA-1, CsSunV4_10g02860, At4g37540, LOB
Csa11g004020, CsSunV4_11g03250-mRNA-1, CsSunV4_11g03250, At4g37540, LOB
Csa12g003810, CsSunV4_12g02890-mRNA-1, CsSunV4_12g02890, At4g37540, LOB
Csa10g003540, CsSunV4_10g02810-mRNA-1, CsSunV4_10g02810, At4g37580, GNAT
Csa12g003790, CsSunV4_12g02850-mRNA-1, CsSunV4_12g02850, At4g37580, GNAT
Csa10g003510, CsSunV4_10g02780-mRNA-1, CsSunV4_10g02780, At4g37610, TAZ
Csa11g003940, CsSunV4_11g03160-mRNA-1, CsSunV4_11g03160, At4g37610, TAZ
Csa12g003770, CsSunV4_12g02820-mRNA-1, CsSunV4_12g02820, At4g37610, TAZ
Csa10g003470, CsSunV4_10g02750-mRNA-1, CsSunV4_10g02750, At4g37650, GRAS
Csa11g003900, CsSunV4_11g03120-mRNA-1, CsSunV4_11g03120, At4g37650, GRAS
Csa12g003740, CsSunV4_12g02780-mRNA-1, CsSunV4_12g02780, At4g37650, GRAS
Csa10g001910, CsSunV4_10g01030-mRNA-1, CsSunV4_10g01030, At4g39160, MYB-related
Csa11g002100, CsSunV4_11g01250-mRNA-1, CsSunV4_11g01250, At4g39160, MYB-related
Csa12g001990, CsSunV4_12g01010-mRNA-1, CsSunV4_12g01010, At4g39160, MYB-related
Csa08g062990, CsSunV4_8g44920-mRNA-1, CsSunV4_8g44920, At5g01310, bHLH
Csa13g001560, CsSunV4_13g00720-mRNA-1, CsSunV4_13g00720, At5g01310, C2H2
Csa20g001780, CsSunV4_20g00850-mRNA-1, CsSunV4_20g00850, At5g01310, bHLH
Csa20g001710, CsSunV4_20g00790-mRNA-1, CsSunV4_20g00790, At5g01380, Trihelix
Csa08g063490, CsSunV4_8g45500-mRNA-1, CsSunV4_8g45500, At5g01850, Orphan
Csa13g001070, CsSunV4_13g00160-mRNA-1, CsSunV4_13g00160, At5g01850, Orphan
Csa20g001150, CsSunV4_20g00260-mRNA-1, CsSunV4_20g00260, At5g01850, Orphan
Csa08g063500, CsSunV4_8g45510-mRNA-1, CsSunV4_8g45510, At5g01860, C2H2
Csa13g001060, CsSunV4_13g00150-mRNA-1, CsSunV4_13g00150, At5g01860, C2H2
Csa20g001140, CsSunV4_20g00250-mRNA-1, CsSunV4_20g00250, At5g01860, C2H2
Csa08g062350, CsSunV4_8g44200-mRNA-1, CsSunV4_8g44200, At5g02320, MYB-related
Csa20g002380, CsSunV4_20g01600-mRNA-1, CsSunV4_20g01600, At5g02320, MYB
Csa20g003450, CsSunV4_20g02950-mRNA-1, CsSunV4_20g02950, At5g03415, E2F-DP
Csa08g061010, CsSunV4_8g42700-mRNA-1, CsSunV4_8g42700, At5g03540, not a TF
Csa13g003490, CsSunV4_13g02840-mRNA-1, CsSunV4_13g02840, At5g03540, not a TF
Csa20g003580, CsSunV4_20g03100-mRNA-1, CsSunV4_20g03100, At5g03540, not a TF
Csa08g060070, CsSunV4_8g41600-mRNA-1, CsSunV4_8g41600, At5g04410, NAC
Csa20g005610, CsSunV4_20g04210-mRNA-1, CsSunV4_20g04210, At5g04410, NAC
Csa08g060000, CsSunV4_8g41520-mRNA-1, CsSunV4_8g41520, At5g04480, possibly not a TF
Csa13g006470, CsSunV4_13g04000-mRNA-1, CsSunV4_13g04000, At5g04480, possibly not a TF
Csa20g005680, CsSunV4_20g04270-mRNA-1, CsSunV4_20g04270, At5g04480, possibly not a TF
Csa08g059730, CsSunV4_8g41240-mRNA-1, CsSunV4_8g41240, At5g04760, MYB-related
Csa13g006720, CsSunV4_13g04310-mRNA-1, CsSunV4_13g04310, At5g04760, MYB-related
Csa20g005950, CsSunV4_20g04570-mRNA-1, CsSunV4_20g04570, At5g04760, MYB-related
Csa08g059330, CsSunV4_8g40810-mRNA-1, CsSunV4_8g40810, At5g05120, C2H2
Csa13g007110, CsSunV4_13g04720-mRNA-1, CsSunV4_13g04720, At5g05120, C2H2
Csa20g006350, CsSunV4_20g04950-mRNA-1, CsSunV4_20g04950, At5g05120, C2H2
Csa20g006800, CsSunV4_20g05380-mRNA-1, CsSunV4_20g05380, At5g05550, Trihelix
Csa08g058460, CsSunV4_8g39830-mRNA-1, CsSunV4_8g39830, At5g06080, LOB
Csa13g008070, CsSunV4_13g05680-mRNA-1, CsSunV4_13g05680, At5g06080, LOB
Csa20g008290, CsSunV4_20g05970-mRNA-1, CsSunV4_20g05970, At5g06080, LOB
Csa08g058430, CsSunV4_8g39790-mRNA-1, CsSunV4_8g39790, At5g06110, MYB-related
Csa13g008100, CsSunV4_13g05710-mRNA-1, CsSunV4_13g05710, At5g06110, MYB-related
Csa20g008320, CsSunV4_20g06000-mRNA-1, CsSunV4_20g06000, At5g06110, MYB-related
Csa08g057630, CsSunV4_8g38940-mRNA-1, CsSunV4_8g38940, At5g06839, bZIP
Csa13g008860, CsSunV4_13g06510-mRNA-1, CsSunV4_13g06510, At5g06839, bZIP
Csa13g009230, CsSunV4_13g06930-mRNA-1, CsSunV4_13g06930, At5g07210, GARP-G2-like
Csa08g056810, CsSunV4_8g38050-mRNA-1, CsSunV4_8g38050, At5g07580, AP2/ERF-ERF
Csa13g010140, CsSunV4_13g07930-mRNA-1, CsSunV4_13g07930, At5g08130, bHLH
Csa20g011780, CsSunV4_20g08580-mRNA-1, CsSunV4_20g08580, At5g08330, TCP
Csa20g012050, CsSunV4_20g08960-mRNA-1, CsSunV4_20g08960, At5g08520, MYB-related
Csa08g055600, CsSunV4_8g36670-mRNA-1, CsSunV4_8g36670, At5g08630, DDT
Csa13g010750, CsSunV4_13g08560-mRNA-1, CsSunV4_13g08560, At5g08630, 
Csa20g012180, CsSunV4_20g09120-mRNA-1, CsSunV4_20g09120, At5g08630, DDT
Csa08g054570, CsSunV4_8g35540-mRNA-1, CsSunV4_8g35540, At5g10030, bZIP
Csa13g011780, CsSunV4_13g09830-mRNA-1, CsSunV4_13g09830, At5g10030, bZIP
Csa20g015290, CsSunV4_20g10330-mRNA-1, CsSunV4_20g10330, At5g10030, bZIP
Csa08g053920, CsSunV4_8g34880-mRNA-1, CsSunV4_8g34880, At5g10570, bHLH
Csa13g013340, CsSunV4_13g10360-mRNA-1, CsSunV4_13g10360, At5g10570, bHLH
Csa13g013830, CsSunV4_13g10810-mRNA-1, CsSunV4_13g10810, At5g11050, MYB-related
Csa13g014310, CsSunV4_13g11340-mRNA-1, CsSunV4_13g11340, At5g11510, MYB-related
Csa20g017050, CsSunV4_20g11950-mRNA-1, CsSunV4_20g11950, At5g11510, MYB-related
Csa20g018140, CsSunV4_20g13120-mRNA-1, CsSunV4_20g13120, At5g12840, NF-YA
Csa08g004700, CsSunV4_8g03020-mRNA-1, CsSunV4_8g03020, At5g12850, C3H
Csa08g004930, CsSunV4_8g03290-mRNA-1, CsSunV4_8g03290, At5g13060, TRAF
Csa13g015640, CsSunV4_13g12780-mRNA-1, CsSunV4_13g12780, At5g13060, 
Csa20g018410, CsSunV4_20g13410-mRNA-1, CsSunV4_20g13410, At5g13060, TRAF
Csa08g006150, CsSunV4_8g04520-mRNA-1, CsSunV4_8g04520, At5g14140, C2H2
Csa13g016910, CsSunV4_13g13940-mRNA-1, CsSunV4_13g13940, At5g14140, C2H2
Csa08g006520, CsSunV4_8g04940-mRNA-1, CsSunV4_8g04940, At5g14490, NAC
Csa08g006880, CsSunV4_8g05280-mRNA-1, CsSunV4_8g05280, At5g14850, 
Csa13g017650, CsSunV4_13g14670-mRNA-1, CsSunV4_13g14670, At5g14850, 
Csa20g021340, CsSunV4_20g15510-mRNA-1, CsSunV4_20g15510, At5g14850, B3
Csa08g007610, CsSunV4_8g06000-mRNA-1, CsSunV4_8g06000, At5g15490, 
Csa13g018300, CsSunV4_13g15350-mRNA-1, CsSunV4_13g15350, At5g15490, 
Csa20g021980, CsSunV4_20g16190-mRNA-1, CsSunV4_20g16190, At5g15490, 
Csa08g008740, CsSunV4_8g07280-mRNA-1, CsSunV4_8g07280, At5g16560, G2-like
Csa13g019350, CsSunV4_13g16480-mRNA-2, CsSunV4_13g16480, At5g16560, G2-like
Csa20g024440, CsSunV4_20g17870-mRNA-1, CsSunV4_20g17870, At5g16560, G2-like
Csa13g019650, CsSunV4_13g16750-mRNA-1, CsSunV4_13g16750, At5g16820, HSF
Csa08g009490, CsSunV4_8g08030-mRNA-1, CsSunV4_8g08030, At5g17320, HB
Csa13g020090, CsSunV4_13g17280-mRNA-1, CsSunV4_13g17280, At5g17320, HB-HD-ZIP
Csa08g009620, CsSunV4_8g08160-mRNA-1, CsSunV4_8g08160, At5g17430, AP2-EREBP
Csa20g025580, CsSunV4_20g19170-mRNA-1, CsSunV4_20g19170, At5g17430, AP2-EREBP
Csa20g025980, CsSunV4_20g19750-mRNA-1, CsSunV4_20g19750, At5g17800, MYB-related
Csa20g026620, CsSunV4_20g20640-mRNA-1, CsSunV4_20g20640, At5g18240, MYB-related
Csa08g011110, CsSunV4_8g09690-mRNA-1, CsSunV4_8g09690, At5g18560, AP2/ERF-ERF
Csa13g021480, CsSunV4_13g18790-mRNA-1, CsSunV4_13g18790, At5g18560, AP2/ERF-ERF
Csa20g026950, CsSunV4_20g20990-mRNA-1, CsSunV4_20g20990, At5g18560, AP2/ERF-AP2
Csa08g013580, CsSunV4_8g11270-mRNA-1, CsSunV4_8g11270, At5g19780, AP2/ERF-ERF
Csa13g022720, CsSunV4_13g20110-mRNA-1, CsSunV4_13g20110, At5g19780, AP2/ERF-ERF
Csa08g013930, CsSunV4_8g11600-mRNA-1, CsSunV4_8g11600, At5g20090, 
Csa13g023060, CsSunV4_13g20440-mRNA-1, CsSunV4_13g20440, At5g20090, 
Csa20g031990, CsSunV4_20g23500-mRNA-1, CsSunV4_20g23500, At5g20090, C2H2
Csa08g014320, CsSunV4_8g11990-mRNA-1, CsSunV4_8g11990, At5g20510, Alfin-like
Csa13g023420, CsSunV4_13g20820-mRNA-1, CsSunV4_13g20820, At5g20510, Alfin-like
Csa20g032450, CsSunV4_20g24030-mRNA-1, CsSunV4_20g24030, At5g20510, Alfin-like
Csa13g025680, CsSunV4_13g22190-mRNA-1, CsSunV4_13g22190, At5g22220, E2F-DP
Csa08g017340, CsSunV4_8g14360-mRNA-1, CsSunV4_8g14360, At5g22990, C2H2
Csa13g027590, CsSunV4_13g23150-mRNA-1, CsSunV4_13g23150, At5g22990, C2H2
Csa20g037900, CsSunV4_20g27010-mRNA-1, CsSunV4_20g27010, At5g22990, C2H2
Csa13g028170, CsSunV4_13g23850-mRNA-1, CsSunV4_13g23850, At5g23650, MYB-related
Csa08g018960, CsSunV4_8g16400-mRNA-1, CsSunV4_8g16400, At5g24470, Pseudo ARR-B
Csa13g029150, CsSunV4_13g24910-mRNA-1, CsSunV4_13g24910, At5g24470, Pseudo ARR-B
Csa20g040910, CsSunV4_20g29590-mRNA-1, CsSunV4_20g29590, At5g24470, Pseudo ARR-B
Csa08g023510, CsSunV4_8g18580-mRNA-1, CsSunV4_8g18580, At5g25890, AUX/IAA
Csa13g033780, CsSunV4_13g27020-mRNA-1, CsSunV4_13g27020, At5g25890, AUX/IAA
Csa20g049210, CsSunV4_20g33000-mRNA-1, CsSunV4_20g33000, At5g25890, AUX/IAA
Csa08g024030, CsSunV4_8g19240-mRNA-1, CsSunV4_8g19240, At5g26210, Alfin-like
Csa08g027490, CsSunV4_8g20010-mRNA-1, CsSunV4_8g20010, At5g26749, C3H
Csa13g034710, CsSunV4_13g28230-mRNA-1, CsSunV4_13g28230, At5g26749, C3H
Csa08g027750, CsSunV4_8g20380-mRNA-1, CsSunV4_8g20380, At5g27070, MADS-M-type
Csa20g055230, CsSunV4_20g35080-mRNA-1, CsSunV4_20g35080, At5g27070, MADS-M-type
Csa08g028060, CsSunV4_8g20720-mRNA-1, CsSunV4_8g20720, At5g27640, Orphan
Csa13g036240, CsSunV4_13g28940-mRNA-1, CsSunV4_13g28940, At5g27640, Orphan
Csa20g055550, CsSunV4_20g35370-mRNA-1, CsSunV4_20g35370, At5g27640, Orphan
Csa08g027800, CsSunV4_8g20460-mRNA-1, CsSunV4_8g20460, At5g27880, C2H2
Csa13g035000, CsSunV4_13g28670-mRNA-1, CsSunV4_13g28670, At5g27880, C2H2
Csa20g055330, CsSunV4_20g35140-mRNA-1, CsSunV4_20g35140, At5g27880, C2H2
Csa13g038050, CsSunV4_13g29990-mRNA-1, CsSunV4_13g29990, At5g28530, FAR1
Csa10g046680, CsSunV4_10g42220-mRNA-1, CsSunV4_10g42220, At5g39820, NAC
Csa11g055880, CsSunV4_11g45900-mRNA-1, CsSunV4_11g45900, At5g39820, NAC
Csa12g081560, CsSunV4_12g48000-mRNA-1, CsSunV4_12g48000, At5g39820, NAC
Csa10g047340, CsSunV4_10g41280-mRNA-1, CsSunV4_10g41280, At5g40310, C2H2
Csa11g057450, CsSunV4_11g46650-mRNA-1, CsSunV4_11g46650, At5g40310, C2H2
Csa12g079780, CsSunV4_12g46880-mRNA-1, CsSunV4_12g46880, At5g40310, C2H2
Csa12g079700, CsSunV4_12g46810-mRNA-1, CsSunV4_12g46810, At5g40360, MYB
Csa10g049550, CsSunV4_10g43590-mRNA-1, CsSunV4_10g43590, At5g41020, MYB-related
Csa20g063270, CsSunV4_20g38200-mRNA-1, CsSunV4_20g38200, At5g42520, BBR-BPC
Csa11g072340, CsSunV4_11g57910-mRNA-1, CsSunV4_11g57910, At5g42700, B3
Csa20g066430, CsSunV4_20g38400-mRNA-1, CsSunV4_20g38400, At5g42700, B3
Csa11g072230, CsSunV4_11g57720-mRNA-1, CsSunV4_11g57720, At5g42780, zf-HD
Csa20g066560, CsSunV4_20g38580-mRNA-1, CsSunV4_20g38580, At5g42780, zf-HD
Csa11g072090, CsSunV4_11g57580-mRNA-1, CsSunV4_11g57580, At5g42910, bZIP
Csa18g011000, CsSunV4_18g07800-mRNA-1, CsSunV4_18g07800, At5g42910, bZIP
Csa20g066710, CsSunV4_20g38780-mRNA-1, CsSunV4_20g38780, At5g42910, bZIP
Csa18g010610, CsSunV4_18g07270-mRNA-1, CsSunV4_18g07270, At5g43250, NF-YC
Csa20g067150, CsSunV4_20g39290-mRNA-1, CsSunV4_20g39290, At5g43250, NF-YC
Csa11g071430, CsSunV4_11g56710-mRNA-1, CsSunV4_11g56710, At5g43410, AP2/ERF-ERF
Csa18g010390, CsSunV4_18g06970-mRNA-1, CsSunV4_18g06970, At5g43410, AP2/ERF-ERF
Csa20g067420, CsSunV4_20g39730-mRNA-1, CsSunV4_20g39730, At5g43410, AP2/ERF-ERF
Csa11g071040, CsSunV4_11g56210-mRNA-1, CsSunV4_11g56210, At5g43840, HSF
Csa18g010020, CsSunV4_18g06530-mRNA-1, CsSunV4_18g06530, At5g43840, HSF
Csa20g068780, CsSunV4_20g40370-mRNA-1, CsSunV4_20g40370, At5g43840, HSF
Csa11g070630, CsSunV4_11g55780-mRNA-1, CsSunV4_11g55780, At5g44080, bZIP
Csa11g069810, CsSunV4_11g54540-mRNA-1, CsSunV4_11g54540, At5g44800, SNF2
Csa18g008980, CsSunV4_18g05130-mRNA-1, CsSunV4_18g05130, At5g44800, SNF2
Csa20g072120, CsSunV4_20g42360-mRNA-1, CsSunV4_20g42360, At5g44800, SNF2
Csa11g068300, CsSunV4_11g53920-mRNA-1, CsSunV4_11g53920, At5g45110, TRAF
Csa18g008380, CsSunV4_18g04370-mRNA-1, CsSunV4_18g04370, At5g45110, TRAF
Csa20g074560, CsSunV4_20g43170-mRNA-1, CsSunV4_20g43170, At5g45110, TRAF
Csa11g068290, CsSunV4_11g53910-mRNA-1, CsSunV4_11g53910, At5g45113, mTERF
Csa18g008370, CsSunV4_18g04360-mRNA-1, CsSunV4_18g04360, At5g45113, mTERF
Csa20g074570, CsSunV4_20g43180-mRNA-1, CsSunV4_20g43180, At5g45113, mTERF
Csa20g075960, CsSunV4_20g43820-mRNA-1, CsSunV4_20g43820, At5g45300, BES1
Csa11g066870, CsSunV4_11g53430-mRNA-1, CsSunV4_11g53430, At5g45420, MYB-related
Csa18g005870, CsSunV4_18g03690-mRNA-1, CsSunV4_18g03690, At5g45420, MYB-related
Csa20g077210, CsSunV4_20g44170-mRNA-1, CsSunV4_20g44170, At5g45420, MYB-related
Csa11g066590, CsSunV4_11g53120-mRNA-1, CsSunV4_11g53120, At5g45580, G2-like
Csa18g005650, CsSunV4_18g03480-mRNA-1, CsSunV4_18g03480, At5g45580, G2-like
Csa11g066430, CsSunV4_11g27660-mRNA-1, CsSunV4_11g27660, At5g45710, HSF
Csa18g005500, CsSunV4_18g03260-mRNA-1, CsSunV4_18g03260, At5g45710, HSF
Csa18g005150, CsSunV4_18g02830-mRNA-1, CsSunV4_18g02830, At5g45980, HB-WOX
Csa11g065300, CsSunV4_11g51420-mRNA-1, CsSunV4_11g51420, At5g46640, Orphan
Csa20g080810, CsSunV4_20g46450-mRNA-1, CsSunV4_20g46450, At5g46640, Orphan
Csa11g065050, CsSunV4_11g51150-mRNA-1, CsSunV4_11g51150, At5g46880, HB
Csa20g081120, CsSunV4_20g46880-mRNA-1, CsSunV4_20g46880, At5g46880, HB
Csa11g065020, CsSunV4_11g51070-mRNA-1, CsSunV4_11g51070, At5g46910, Jumonji
Csa18g003100, CsSunV4_18g01400-mRNA-1, CsSunV4_18g01400, At5g46910, Jumonji
Csa20g081160, CsSunV4_20g46950-mRNA-1, CsSunV4_20g46950, At5g46910, Jumonji
Csa11g064350, CsSunV4_11g50320-mRNA-1, CsSunV4_11g50320, At5g47400, MYB-related
Csa18g002420, CsSunV4_18g00570-mRNA-1, CsSunV4_18g00570, At5g47400, MYB-related
Csa02g035860, CsSunV4_2g18300-mRNA-1, CsSunV4_2g18300, At5g49620, MYB-related
Csa11g078930, CsSunV4_11g61170-mRNA-1, CsSunV4_11g61170, At5g49620, MYB-related
Csa18g018990, CsSunV4_18g11810-mRNA-1, CsSunV4_18g11810, At5g49620, MYB-related
Csa02g039150, CsSunV4_2g19950-mRNA-1, CsSunV4_2g19950, At5g50470, NF-YC
Csa11g081930, CsSunV4_11g62450-mRNA-1, CsSunV4_11g62450, At5g50470, NF-YC
Csa18g021250, CsSunV4_18g13360-mRNA-1, CsSunV4_18g13360, At5g50470, NF-YC
Csa02g044950, CsSunV4_2g22470-mRNA-1, CsSunV4_2g22470, At5g51980, C3H
Csa11g083620, CsSunV4_11g64380-mRNA-1, CsSunV4_11g64380, At5g51980, C3H
Csa18g022860, CsSunV4_18g15250-mRNA-1, CsSunV4_18g15250, At5g51980, C3H
Csa18g023060, CsSunV4_18g15530-mRNA-1, CsSunV4_18g15530, At5g52170, HB-HD-ZIP
Csa18g023450, CsSunV4_18g16040-mRNA-1, CsSunV4_18g16040, At5g52510, GRAS
Csa02g049320, CsSunV4_2g24270-mRNA-1, CsSunV4_2g24270, At5g53040, RWP-RK
Csa11g084870, CsSunV4_11g65800-mRNA-1, CsSunV4_11g65800, At5g53040, RWP-RK
Csa18g024010, CsSunV4_18g16690-mRNA-1, CsSunV4_18g16690, At5g53040, RWP-RK
Csa02g049560, CsSunV4_2g24510-mRNA-1, CsSunV4_2g24510, At5g53210, bHLH
Csa11g085070, CsSunV4_11g65990-mRNA-1, CsSunV4_11g65990, At5g53210, bHLH
Csa18g024240, CsSunV4_18g16890-mRNA-1, CsSunV4_18g16890, At5g53210, bHLH
Csa02g049610, CsSunV4_2g24580-mRNA-1, CsSunV4_2g24580, At5g53290, AP2/ERF-ERF
Csa11g085120, CsSunV4_11g66050-mRNA-1, CsSunV4_11g66050, At5g53290, AP2/ERF-ERF
Csa18g024300, CsSunV4_18g16970-mRNA-1, CsSunV4_18g16970, At5g53290, AP2/ERF-ERF
Csa02g049740, CsSunV4_2g24720-mRNA-1, CsSunV4_2g24720, At5g53430, SET
Csa11g085250, CsSunV4_11g66180-mRNA-1, CsSunV4_11g66180, At5g53430, SET
Csa18g024450, CsSunV4_18g17140-mRNA-1, CsSunV4_18g17140, At5g53430, SET
Csa18g025970, CsSunV4_18g18890-mRNA-1, CsSunV4_18g18890, At5g54680, bHLH
Csa11g089530, CsSunV4_11g70220-mRNA-1, CsSunV4_11g70220, At5g56200, C2H2
Csa18g028890, CsSunV4_18g20910-mRNA-1, CsSunV4_18g20910, At5g56200, C2H2
Csa02g059180, CsSunV4_2g31980-mRNA-1, CsSunV4_2g31980, At5g56270, WRKY
Csa11g089590, CsSunV4_11g70280-mRNA-1, CsSunV4_11g70280, At5g56270, WRKY
Csa02g061310, CsSunV4_2g33200-mRNA-1, CsSunV4_2g33200, At5g56960, bHLH
Csa11g090450, CsSunV4_11g71200-mRNA-1, CsSunV4_11g71200, At5g56960, bHLH
Csa18g029850, CsSunV4_18g21950-mRNA-1, CsSunV4_18g21950, At5g56960, bHLH
Csa02g061860, CsSunV4_2g33770-mRNA-1, CsSunV4_2g33770, At5g57390, AP2-EREBP
Csa02g062190, CsSunV4_2g34130-mRNA-1, CsSunV4_2g34130, At5g57660, C2C2-CO-like
Csa02g062930, CsSunV4_2g34820-mRNA-1, CsSunV4_2g34820, At5g58340, MYB-related
Csa18g031490, CsSunV4_18g23470-mRNA-1, CsSunV4_18g23470, At5g58340, MYB-related
Csa11g092360, CsSunV4_11g73330-mRNA-1, CsSunV4_11g73330, At5g58620, C3H
Csa02g064490, CsSunV4_2g35490-mRNA-1, CsSunV4_2g35490, At5g58850, MYB-related
Csa11g092570, CsSunV4_11g73590-mRNA-1, CsSunV4_11g73590, At5g58850, MYB-related
Csa18g032020, CsSunV4_18g24050-mRNA-1, CsSunV4_18g24050, At5g58850, MYB-related
Csa11g093300, CsSunV4_11g74360-mRNA-1, CsSunV4_11g74360, At5g59460, GRAS
Csa02g067360, CsSunV4_2g37470-mRNA-1, CsSunV4_2g37470, At5g60440, MADS-M-type
Csa11g094270, CsSunV4_11g75500-mRNA-1, CsSunV4_11g75500, At5g60440, MADS-M-type
Csa18g033760, CsSunV4_18g25770-mRNA-1, CsSunV4_18g25770, At5g60440, MADS-M-type
Csa02g067650, CsSunV4_2g37790-mRNA-1, CsSunV4_2g37790, At5g60690, HB-HD-ZIP
Csa11g094540, CsSunV4_11g75790-mRNA-1, CsSunV4_11g75790, At5g60690, HB-HD-ZIP
Csa18g034050, CsSunV4_18g26030-mRNA-1, CsSunV4_18g26030, At5g60690, HB-HD-ZIP
Csa02g067790, CsSunV4_2g37970-mRNA-1, CsSunV4_2g37970, At5g60830, bZIP
Csa18g034210, CsSunV4_18g26190-mRNA-1, CsSunV4_18g26190, At5g60830, bZIP
Csa02g067810, CsSunV4_2g37990-mRNA-1, CsSunV4_2g37990, At5g60850, C2C2-Dof
Csa02g068440, CsSunV4_2g38770-mRNA-1, CsSunV4_2g38770, At5g61470, C2H2
Csa11g097280, CsSunV4_11g76780-mRNA-1, CsSunV4_11g76780, At5g61470, C2H2
Csa18g034810, CsSunV4_18g26900-mRNA-1, CsSunV4_18g26900, At5g61470, C2H2
Csa11g098810, CsSunV4_11g77640-mRNA-1, CsSunV4_11g77640, At5g62000, ARF
Csa18g035400, CsSunV4_18g27500-mRNA-1, CsSunV4_18g27500, At5g62000, ARF
Csa02g070160, CsSunV4_2g39670-mRNA-1, CsSunV4_2g39670, At5g62110, GARP-G2-like
Csa11g099120, CsSunV4_11g77960-mRNA-1, CsSunV4_11g77960, At5g62110, GARP-G2-like
Csa18g035710, CsSunV4_18g27840-mRNA-1, CsSunV4_18g27840, At5g62110, GARP-G2-like
Csa18g036940, CsSunV4_18g29180-mRNA-1, CsSunV4_18g29180, At5g63420, Trihelix
Csa02g072590, CsSunV4_2g42030-mRNA-1, CsSunV4_2g42030, At5g63900, GNAT
Csa18g037490, CsSunV4_18g29670-mRNA-1, CsSunV4_18g29670, At5g63900, 
Csa02g072640, CsSunV4_2g42090-mRNA-1, CsSunV4_2g42090, At5g63950, SNF2
Csa11g101050, CsSunV4_11g80210-mRNA-1, CsSunV4_11g80210, At5g63950, 
Csa18g037560, CsSunV4_18g29730-mRNA-1, CsSunV4_18g29730, At5g63950, 
Csa02g072910, CsSunV4_2g42370-mRNA-1, CsSunV4_2g42370, At5g64220, CAMTA
Csa11g101340, CsSunV4_11g80480-mRNA-1, CsSunV4_11g80480, At5g64220, CAMTA
Csa02g073990, CsSunV4_2g43600-mRNA-1, CsSunV4_2g43600, At5g64760, AP2/ERF-ERF
Csa11g101900, CsSunV4_11g81060-mRNA-1, CsSunV4_11g81060, At5g64760, 
Csa18g038460, CsSunV4_18g30750-mRNA-1, CsSunV4_18g30750, At5g64760, 
Csa02g073910, CsSunV4_2g43530-mRNA-1, CsSunV4_2g43530, At5g64813, 
Csa11g101950, CsSunV4_11g81140-mRNA-1, CsSunV4_11g81140, At5g64813, WRKY
Csa18g038510, CsSunV4_18g30810-mRNA-1, CsSunV4_18g30810, At5g64813, 
Csa02g073630, CsSunV4_2g43230-mRNA-1, CsSunV4_2g43230, At5g65050, MADS-M-type
Csa02g073600, CsSunV4_2g43210-mRNA-1, CsSunV4_2g43210, At5g65100, EIL
Csa11g102290, CsSunV4_11g81470-mRNA-1, CsSunV4_11g81470, At5g65100, EIL
Csa18g038800, CsSunV4_18g31090-mRNA-1, CsSunV4_18g31090, At5g65100, EIL
Csa02g073560, CsSunV4_2g43170-mRNA-2, CsSunV4_2g43170, At5g65130, AP2/ERF-ERF
Csa11g102320, CsSunV4_11g81500-mRNA-2, CsSunV4_11g81500, At5g65130, AP2/ERF-ERF
Csa18g038830, CsSunV4_18g31120-mRNA-2, CsSunV4_18g31120, At5g65130, AP2/ERF-ERF
Csa02g074260, CsSunV4_2g43940-mRNA-1, CsSunV4_2g43940, At5g65510, AP2-EREBP
Csa11g102540, CsSunV4_11g81710-mRNA-1, CsSunV4_11g81710, At5g65510, AP2-EREBP
Csa18g039070, CsSunV4_18g31370-mRNA-1, CsSunV4_18g31370, At5g65510, AP2-EREBP
Csa02g076530, CsSunV4_2g46200-mRNA-1, CsSunV4_2g46200, At5g66270, C3H
Csa11g104690, CsSunV4_11g83930-mRNA-1, CsSunV4_11g83930, At5g66270, C3H
Csa02g076090, CsSunV4_2g45750-mRNA-1, CsSunV4_2g45750, At5g66680, Orphan
Csa11g104310, CsSunV4_11g83520-mRNA-1, CsSunV4_11g83520, At5g66680, Orphan
Csa18g041910, CsSunV4_18g33170-mRNA-1, CsSunV4_18g33170, At5g66680, Orphan
Csa02g076040, CsSunV4_2g45710-mRNA-1, CsSunV4_2g45710, At5g66730, C2H2
Csa11g104260, CsSunV4_11g83480-mRNA-1, CsSunV4_11g83480, At5g66730, C2H2
Csa18g041860, CsSunV4_18g33130-mRNA-1, CsSunV4_18g33130, At5g66730, C2H2
Csa11g104190, CsSunV4_11g83420-mRNA-1, CsSunV4_11g83420, At5g66770, GRAS
Csa18g040580, CsSunV4_18g32890-mRNA-1, CsSunV4_18g32890, At5g66940, C2C2-Dof
Csa02g075720, CsSunV4_2g45390-mRNA-1, CsSunV4_2g45390, At5g66990, RWP-RK
Csa11g103930, CsSunV4_11g83130-mRNA-1, CsSunV4_11g83130, At5g66990, RWP-RK
Csa18g040530, CsSunV4_18g32830-mRNA-1, CsSunV4_18g32830, At5g66990, RWP-RK
Csa02g075710, CsSunV4_2g45380-mRNA-1, CsSunV4_2g45380, At5g67000, AP2/ERF-ERF
Csa11g103920, CsSunV4_11g83120-mRNA-1, CsSunV4_11g83120, At5g67000, AP2/ERF-ERF
Csa18g040520, CsSunV4_18g32820-mRNA-1, CsSunV4_18g32820, At5g67000, AP2/ERF-ERF
Csa02g075390, CsSunV4_2g45020-mRNA-1, CsSunV4_2g45020, At5g67300, MYB
Csa11g103610, CsSunV4_11g82780-mRNA-1, CsSunV4_11g82780, At5g67300, MYB
Csa18g040150, CsSunV4_18g32470-mRNA-1, CsSunV4_18g32470, At5g67300, MYB
Csa02g075380, CsSunV4_2g45010-mRNA-1, CsSunV4_2g45010, At5g67310, MYB
Csa11g103600, CsSunV4_11g82770-mRNA-1, CsSunV4_11g82770, At5g67310, MYB
Csa18g040140, CsSunV4_18g32460-mRNA-1, CsSunV4_18g32460, At5g67310, MYB
Csa02g075080, CsSunV4_2g44730-mRNA-1, CsSunV4_2g44730, At5g67580, MYB-related
Csa11g103270, CsSunV4_11g82470-mRNA-1, CsSunV4_11g82470, At5g67580, MYB-related
Csa18g039850, CsSunV4_18g32190-mRNA-1, CsSunV4_18g32190, At5g67580, MYB-related
Csa01g044020, CsSunV4_1g39690-mRNA-1, CsSunV4_1g39690, , AP2-EREBP
Csa02g029590, CsSunV4_2g15310-mRNA-1, CsSunV4_2g15310, , GRAS
Csa02g035060, CsSunV4_2g17460-mRNA-2, CsSunV4_2g17460, , MADS-M-type
Csa02g074480, CsSunV4_2g44160-mRNA-1, CsSunV4_2g44160, , MADS
Csa03g031610, CsSunV4_3g30020-mRNA-1, CsSunV4_3g30020, , C2C2-Dof
Csa03g038330, CsSunV4_3g36890-mRNA-1, CsSunV4_3g36890, , NAC
Csa04g002000, CsSunV4_4g00090-mRNA-1, CsSunV4_4g00090, , G2-like
Csa04g006540, CsSunV4_4g02000-mRNA-1, CsSunV4_4g02000, , C2H2
Csa04g043960, CsSunV4_4g42340-mRNA-1, CsSunV4_4g42340, , C2H2
Csa05g001100, CsSunV4_5g00130-mRNA-1, CsSunV4_5g00130, , C2H2
Csa05g018070, CsSunV4_5g15710-mRNA-1, CsSunV4_5g15710, , OFP
Csa05g022930, CsSunV4_5g19190-mRNA-1, CsSunV4_5g19190, , NAC
Csa06g001930, CsSunV4_6g01230-mRNA-1, CsSunV4_6g01230, , BBR-BPC
Csa06g006420, CsSunV4_6g05600-mRNA-1, CsSunV4_6g05600, , LOB
Csa06g022230, CsSunV4_6g17460-mRNA-1, CsSunV4_6g17460, , C3H
Csa07g007900, CsSunV4_7g06910-mRNA-1, CsSunV4_7g06910, , NAC
Csa07g017080, CsSunV4_7g15540-mRNA-1, CsSunV4_7g15540, , MADS-M-type
Csa07g057280, CsSunV4_7g45860-mRNA-1, CsSunV4_7g45860, , MADS-M-type
Csa08g057280, CsSunV4_8g38460-mRNA-1, CsSunV4_8g38460, , bZIP
Csa09g092450, CsSunV4_9g54030-mRNA-1, CsSunV4_9g54030, , MADS-M-type
Csa10g001430, CsSunV4_10g00520-mRNA-1, CsSunV4_10g00520, , CSD
Csa10g013770, CsSunV4_10g13000-mRNA-1, CsSunV4_10g13000, , bHLH
Csa10g042850, CsSunV4_10g38670-mRNA-1, CsSunV4_10g38670, , bHLH
Csa10g046720, CsSunV4_10g42260-mRNA-1, CsSunV4_10g42260, , MADS-M-type
Csa11g005630, CsSunV4_11g05000-mRNA-1, CsSunV4_11g05000, , bHLH
Csa11g029980, CsSunV4_11g28060-mRNA-1, CsSunV4_11g28060, , AP2/ERF-ERF
Csa11g055720, CsSunV4_11g45690-mRNA-2, CsSunV4_11g45690, , MYB-related
Csa11g057180, CsSunV4_11g46420-mRNA-1, CsSunV4_11g46420, , MADS-M-type
Csa11g078300, CsSunV4_11g60400-mRNA-2, CsSunV4_11g60400, , MADS-M-type
Csa12g001490, CsSunV4_12g00520-mRNA-1, CsSunV4_12g00520, , CSD
Csa12g020600, CsSunV4_12g14040-mRNA-1, CsSunV4_12g14040, , bHLH
Csa12g041930, CsSunV4_12g28350-mRNA-1, CsSunV4_12g28350, , 
Csa13g017780, CsSunV4_13g14790-mRNA-1, CsSunV4_13g14790, , E2F-DP
Csa13g017890, CsSunV4_13g14920-mRNA-1, CsSunV4_13g14920, , LOB
Csa13g034860, CsSunV4_13g28450-mRNA-1, CsSunV4_13g28450, , C2C2-GATA
Csa13g041430, CsSunV4_13g30780-mRNA-1, CsSunV4_13g30780, , GRAS
Csa14g009420, CsSunV4_14g07870-mRNA-1, CsSunV4_14g07870, , CCAAT-HAP5
Csa14g035930, CsSunV4_14g30930-mRNA-1, CsSunV4_14g30930, , C2C2-Dof
Csa14g042520, CsSunV4_14g36150-mRNA-1, CsSunV4_14g36150, , NAC
Csa14g042820, CsSunV4_14g36480-mRNA-1, CsSunV4_14g36480, , bHLH
Csa15g001570, CsSunV4_15g01340-mRNA-1, CsSunV4_15g01340, , C2H2
Csa15g026650, CsSunV4_15g23190-mRNA-1, CsSunV4_15g23190, , B3
Csa15g030510, CsSunV4_15g25390-mRNA-1, CsSunV4_15g25390, , AP2/ERF-ERF
Csa15g071680, CsSunV4_15g40000-mRNA-2, CsSunV4_15g40000, , C2H2
Csa15g080970, CsSunV4_15g45730-mRNA-1, CsSunV4_15g45730, , AP2-EREBP
Csa15g081100, CsSunV4_15g45990-mRNA-1, CsSunV4_15g45990, , ULT
Csa15g081110, CsSunV4_15g46000-mRNA-1, CsSunV4_15g46000, , 
Csa16g017520, CsSunV4_16g14350-mRNA-1, CsSunV4_16g14350, , MADS-M-type
Csa16g052260, CsSunV4_16g45920-mRNA-1, CsSunV4_16g45920, , NAC
Csa17g011410, CsSunV4_17g07630-mRNA-1, CsSunV4_17g07630, , CCAAT-HAP5
Csa17g028770, CsSunV4_17g24630-mRNA-1, CsSunV4_17g24630, , 
Csa17g051930, CsSunV4_17g38470-mRNA-1, CsSunV4_17g38470, , NAC
Csa17g053090, CsSunV4_17g38910-mRNA-1, CsSunV4_17g38910, , bHLH
Csa17g059460, CsSunV4_17g40880-mRNA-1, CsSunV4_17g40880, , NAC
Csa17g097090, CsSunV4_17g57970-mRNA-1, CsSunV4_17g57970, , NAC
Csa18g039280, CsSunV4_18g31560-mRNA-1, CsSunV4_18g31560, , MADS
Csa19g003250, CsSunV4_19g00990-mRNA-1, CsSunV4_19g00990, , 
Csa19g026440, CsSunV4_19g22260-mRNA-1, CsSunV4_19g22260, , B3
Csa19g043220, CsSunV4_19g34260-mRNA-1, CsSunV4_19g34260, , bZIP
Csa19g048440, CsSunV4_19g37020-mRNA-1, CsSunV4_19g37020, , AP2-EREBP
Csa20g008960, CsSunV4_20g06570-mRNA-1, CsSunV4_20g06570, , C2H2
Csa20g054160, CsSunV4_20g34970-mRNA-1, CsSunV4_20g34970, , C2C2-GATA
Csa20g058800, CsSunV4_20g37250-mRNA-1, CsSunV4_20g37250, , G2-like
Csa20g069010, CsSunV4_20g40580-mRNA-1, CsSunV4_20g40580, , 
